weather_id,project_id,date,rainfall_mm,temperature_c,weather_severity,work_stop_flag,work_stopped,severity_score,heavy_rainfall_flag,extreme_temp_flag
1,1,2022-04-12,7.00,26.00,Normal,N,0,1,0,0
2,1,2022-04-13,72.00,30.00,Moderate,N,0,2,0,0
3,1,2022-04-14,17.00,25.00,Normal,N,0,1,0,0
4,1,2022-04-15,85.00,27.00,Moderate,N,0,2,0,0
5,1,2022-04-16,62.00,33.00,Normal,N,0,1,0,0
6,1,2022-04-17,82.00,43.00,Moderate,N,0,2,0,1
7,1,2022-04-18,88.00,38.00,Normal,N,0,1,0,0
8,1,2022-04-19,57.00,37.00,Normal,N,0,1,0,0
9,1,2022-04-20,79.00,41.00,Normal,N,0,1,0,1
10,1,2022-04-21,92.00,32.00,Moderate,N,0,2,0,0
11,1,2022-04-22,85.00,40.00,Normal,N,0,1,0,0
12,1,2022-04-23,54.00,37.00,Normal,N,0,1,0,0
13,1,2022-04-24,127.00,42.00,Normal,N,0,1,1,1
14,1,2022-04-25,89.00,26.00,Normal,N,0,1,0,0
15,1,2022-04-26,92.00,24.00,Normal,N,0,1,0,0
16,1,2022-04-27,47.00,26.00,Normal,N,0,1,0,0
17,1,2022-04-28,87.00,32.00,Normal,N,0,1,0,0
18,1,2022-04-29,1.00,29.00,Normal,N,0,1,0,0
19,1,2022-04-30,81.00,29.00,Normal,N,0,1,0,0
20,1,2022-05-01,97.00,32.00,Normal,N,0,1,0,0
21,1,2022-05-02,21.00,34.00,Severe,Y,1,3,0,0
22,1,2022-05-03,17.00,29.00,Moderate,N,0,2,0,0
23,1,2022-05-04,42.00,25.00,Normal,N,0,1,0,0
24,1,2022-05-05,73.00,39.00,Normal,N,0,1,0,0
25,1,2022-05-06,34.00,24.00,Normal,N,0,1,0,0
26,1,2022-05-07,19.00,38.00,Severe,Y,1,3,0,0
27,1,2022-05-08,77.00,33.00,Moderate,N,0,2,0,0
28,1,2022-05-09,42.00,25.00,Normal,N,0,1,0,0
29,1,2022-05-10,62.00,25.00,Moderate,N,0,2,0,0
30,1,2022-05-11,77.00,33.00,Moderate,N,0,2,0,0
31,1,2022-05-12,8.00,36.00,Normal,N,0,1,0,0
32,1,2022-05-13,20.00,37.00,Normal,N,0,1,0,0
33,1,2022-05-14,17.00,43.00,Normal,N,0,1,0,1
34,1,2022-05-15,122.00,34.00,Moderate,N,0,2,1,0
35,1,2022-05-16,7.00,38.00,Moderate,N,0,2,0,0
36,1,2022-05-17,66.00,26.00,Normal,N,0,1,0,0
37,1,2022-05-18,7.00,24.00,Moderate,N,0,2,0,0
38,1,2022-05-19,93.00,35.00,Severe,Y,1,3,0,0
39,1,2022-05-20,139.00,39.00,Severe,Y,1,3,1,0
40,1,2022-05-21,36.00,42.00,Severe,Y,1,3,0,1
41,1,2022-05-22,122.00,25.00,Normal,N,0,1,1,0
42,1,2022-05-23,8.00,42.00,Normal,N,0,1,0,1
43,1,2022-05-24,140.00,35.00,Severe,Y,1,3,1,0
44,1,2022-05-25,78.00,39.00,Moderate,N,0,2,0,0
45,1,2022-05-26,22.00,32.00,Normal,N,0,1,0,0
46,1,2022-05-27,89.00,42.00,Normal,N,0,1,0,1
47,1,2022-05-28,2.00,31.00,Normal,N,0,1,0,0
48,1,2022-05-29,140.00,24.00,Normal,N,0,1,1,0
49,1,2022-05-30,75.00,32.00,Moderate,N,0,2,0,0
50,1,2022-05-31,79.00,40.00,Normal,N,0,1,0,0
51,1,2022-06-01,121.00,36.00,Normal,N,0,1,1,0
52,1,2022-06-02,16.00,43.00,Normal,N,0,1,0,1
53,1,2022-06-03,56.00,25.00,Normal,N,0,1,0,0
54,1,2022-06-04,23.00,34.00,Normal,N,0,1,0,0
55,1,2022-06-05,114.00,27.00,Normal,N,0,1,1,0
56,1,2022-06-06,104.00,34.00,Moderate,N,0,2,1,0
57,1,2022-06-07,135.00,42.00,Normal,N,0,1,1,1
58,1,2022-06-08,126.00,28.00,Normal,N,0,1,1,0
59,1,2022-06-09,54.00,40.00,Normal,N,0,1,0,0
60,1,2022-06-10,87.00,40.00,Normal,N,0,1,0,0
61,1,2022-06-11,99.00,35.00,Normal,N,0,1,0,0
62,1,2022-06-12,70.00,31.00,Severe,Y,1,3,0,0
63,1,2022-06-13,71.00,37.00,Normal,N,0,1,0,0
64,1,2022-06-14,13.00,38.00,Moderate,N,0,2,0,0
65,1,2022-06-15,51.00,37.00,Normal,N,0,1,0,0
66,1,2022-06-16,79.00,25.00,Moderate,N,0,2,0,0
67,1,2022-06-17,10.00,37.00,Moderate,N,0,2,0,0
68,1,2022-06-18,21.00,24.00,Normal,N,0,1,0,0
69,1,2022-06-19,55.00,27.00,Normal,N,0,1,0,0
70,1,2022-06-20,106.00,38.00,Normal,N,0,1,1,0
71,1,2022-06-21,115.00,30.00,Normal,N,0,1,1,0
72,1,2022-06-22,139.00,24.00,Normal,N,0,1,1,0
73,1,2022-06-23,85.00,37.00,Moderate,N,0,2,0,0
74,1,2022-06-24,113.00,37.00,Normal,N,0,1,1,0
75,1,2022-06-25,9.00,33.00,Normal,N,0,1,0,0
76,1,2022-06-26,130.00,31.00,Normal,N,0,1,1,0
77,1,2022-06-27,111.00,27.00,Severe,Y,1,3,1,0
78,1,2022-06-28,4.00,24.00,Normal,N,0,1,0,0
79,1,2022-06-29,108.00,26.00,Normal,N,0,1,1,0
80,1,2022-06-30,131.00,34.00,Severe,Y,1,3,1,0
81,1,2022-07-01,15.00,39.00,Moderate,N,0,2,0,0
82,1,2022-07-02,41.00,36.00,Normal,N,0,1,0,0
83,1,2022-07-03,92.00,40.00,Severe,Y,1,3,0,0
84,1,2022-07-04,15.00,26.00,Moderate,N,0,2,0,0
85,1,2022-07-05,42.00,39.00,Normal,N,0,1,0,0
86,1,2022-07-06,113.00,29.00,Moderate,N,0,2,1,0
87,1,2022-07-07,107.00,36.00,Severe,Y,1,3,1,0
88,1,2022-07-08,39.00,30.00,Moderate,N,0,2,0,0
89,1,2022-07-09,86.00,40.00,Moderate,N,0,2,0,0
90,1,2022-07-10,102.00,40.00,Normal,N,0,1,1,0
91,1,2022-07-11,89.00,34.00,Normal,N,0,1,0,0
92,1,2022-07-12,72.00,27.00,Moderate,N,0,2,0,0
93,1,2022-07-13,56.00,26.00,Normal,N,0,1,0,0
94,1,2022-07-14,84.00,24.00,Normal,N,0,1,0,0
95,1,2022-07-15,121.00,36.00,Normal,N,0,1,1,0
96,1,2022-07-16,51.00,41.00,Normal,N,0,1,0,1
97,1,2022-07-17,60.00,27.00,Normal,N,0,1,0,0
98,1,2022-07-18,62.00,24.00,Normal,N,0,1,0,0
99,1,2022-07-19,87.00,35.00,Normal,N,0,1,0,0
100,1,2022-07-20,105.00,36.00,Moderate,N,0,2,1,0
