issue_id,project_id,task_id,issue_type,severity,reported_date,resolved_date,approval_delay_days,issue_status
1,22,14459,NCR,High,2022-08-20,,21,Closed
2,27,15492,Safety,High,2022-05-18,,21,Closed
3,22,14477,NCR,High,2023-05-24,,8,Closed
4,13,12640,Safety,High,2023-03-20,,17,Closed
5,9,11748,Safety,Medium,2023-01-21,,20,Open
6,18,13595,NCR,Low,2024-02-16,,13,Closed
7,7,11324,NCR,High,2023-05-01,,4,Open
8,7,11366,Safety,Medium,2023-03-04,,23,Open
9,28,15611,RFI,Medium,2022-06-22,,15,Open
10,5,11043,NCR,Medium,2023-02-26,,21,Open
11,8,11678,NCR,High,2022-12-15,,12,Closed
12,7,11311,Safety,Low,2022-07-28,,3,Closed
13,15,12969,NCR,Medium,2022-03-18,,17,Closed
14,25,14983,RFI,High,2023-11-13,,17,Open
15,24,14781,Safety,Low,2023-04-03,,12,Closed
16,22,14561,RFI,Medium,2022-10-03,,12,Open
17,19,13921,Safety,Medium,2023-01-03,,10,Open
18,7,11423,RFI,Medium,2024-02-24,,24,Open
19,1,10057,RFI,Medium,2023-05-02,,21,Closed
20,3,10453,Safety,Medium,2022-08-14,,22,Closed
21,1,10195,RFI,Low,2023-09-06,,2,Open
22,14,12748,RFI,Low,2023-01-03,,24,Open
23,2,10245,RFI,Low,2023-12-01,,8,Closed
24,19,13939,Safety,Low,2024-01-04,,3,Open
25,28,15656,Safety,Low,2023-06-01,,18,Open
26,9,11874,NCR,Medium,2022-11-04,,19,Closed
27,2,10290,RFI,Medium,2022-05-25,,12,Closed
28,21,14218,RFI,Medium,2023-06-27,,13,Closed
29,22,14436,NCR,Low,2022-09-05,,1,Closed
30,21,14185,Safety,Medium,2023-06-10,,11,Closed
31,13,12662,RFI,Medium,2022-08-02,,0,Open
32,17,13493,NCR,High,2022-09-25,,20,Open
33,18,13688,RFI,Low,2023-06-24,,10,Open
34,6,11283,Safety,Medium,2024-02-22,,15,Closed
35,8,11683,NCR,Medium,2023-05-16,,23,Open
36,9,11789,RFI,High,2023-08-07,,9,Open
37,5,10876,RFI,Medium,2023-07-02,,8,Closed
38,24,14797,RFI,Low,2022-09-21,,4,Closed
39,2,10247,Safety,Low,2023-02-14,,20,Open
40,20,14135,Safety,High,2022-10-17,,12,Closed
41,18,13577,NCR,Low,2023-08-12,,19,Open
42,1,10055,NCR,High,2022-12-17,,3,Open
43,23,14609,Safety,Low,2023-05-10,,13,Open
44,5,11052,NCR,Medium,2022-09-23,,18,Closed
45,22,14399,Safety,Low,2023-03-28,,17,Closed
46,20,14104,Safety,High,2024-08-26,,18,Closed
47,27,15503,NCR,High,2023-05-12,,23,Closed
48,20,14131,RFI,Medium,2024-05-12,,23,Closed
49,6,11119,NCR,Medium,2022-09-02,,20,Open
50,21,14304,Safety,Medium,2023-05-28,,9,Closed
51,14,12747,RFI,Low,2024-02-15,,5,Open
52,12,12523,Safety,High,2022-12-02,,7,Open
53,23,14585,Safety,High,2023-01-03,,19,Open
54,20,14009,RFI,Medium,2024-03-19,,4,Open
55,4,10666,NCR,Medium,2023-01-06,,18,Open
56,16,13216,Safety,Medium,2023-02-01,,22,Closed
57,20,13982,NCR,Low,2024-07-30,,21,Closed
58,15,13088,NCR,Medium,2023-11-17,,21,Open
59,22,14485,NCR,Medium,2023-03-10,,19,Closed
60,19,13864,RFI,Medium,2022-05-11,,5,Open
61,1,10118,NCR,High,2022-12-28,,2,Closed
62,20,14168,RFI,High,2023-05-24,,23,Open
63,9,11837,Safety,Medium,2023-02-24,,24,Closed
64,8,11641,RFI,Medium,2023-11-28,,7,Open
65,24,14966,RFI,Medium,2023-12-27,,1,Closed
66,7,11375,NCR,High,2022-12-26,,22,Open
67,26,15322,Safety,Low,2022-08-02,,19,Open
68,4,10832,NCR,Medium,2023-08-26,,9,Closed
69,6,11196,RFI,High,2022-07-29,,18,Closed
70,16,13139,Safety,High,2022-11-12,,14,Open
71,20,14063,RFI,High,2024-07-03,,15,Closed
72,18,13635,RFI,Medium,2022-08-06,,5,Closed
73,6,11158,RFI,Medium,2023-06-12,,16,Open
74,1,10162,NCR,High,2023-09-06,,20,Closed
75,22,14550,Safety,Low,2022-11-13,,6,Open
76,24,14865,Safety,High,2023-04-14,,9,Open
77,17,13357,RFI,Medium,2022-05-28,,8,Open
78,3,10471,NCR,Low,2023-04-05,,14,Closed
79,9,11764,Safety,High,2023-05-04,,19,Open
80,15,12944,RFI,Low,2023-10-12,,7,Open
81,23,14597,Safety,Low,2023-07-19,,8,Closed
82,28,15713,NCR,Medium,2023-08-23,,19,Closed
83,21,14333,Safety,Medium,2023-05-25,,22,Closed
84,20,14105,Safety,Medium,2022-11-04,,22,Closed
85,26,15370,RFI,High,2022-01-17,,24,Open
86,6,11219,Safety,Low,2023-02-09,,18,Closed
87,13,12585,NCR,Low,2022-06-30,,10,Closed
88,25,15141,Safety,Medium,2023-11-01,,16,Closed
89,24,14765,Safety,High,2024-01-16,,22,Closed
90,28,15622,NCR,Medium,2023-06-03,,2,Closed
91,20,13972,NCR,Low,2024-01-15,,6,Closed
92,13,12671,RFI,Medium,2023-02-06,,16,Open
93,23,14670,Safety,Medium,2022-09-16,,23,Closed
94,23,14638,Safety,Medium,2022-12-17,,17,Open
95,3,10532,RFI,Medium,2023-12-22,,15,Closed
96,6,11217,RFI,High,2023-03-29,,22,Open
97,22,14520,RFI,High,2022-09-01,,12,Open
98,27,15538,RFI,Low,2022-10-22,,7,Open
99,22,14474,NCR,High,2022-12-09,,19,Closed
100,12,12526,NCR,High,2024-05-08,,10,Closed
101,24,14763,Safety,High,2022-05-10,,6,Open
102,15,13107,RFI,High,2023-12-11,,19,Closed
103,20,14101,RFI,High,2023-01-17,,20,Open
104,4,10748,Safety,Low,2022-11-22,,17,Open
105,21,14330,RFI,Medium,2022-07-23,,11,Open
106,1,10211,NCR,Medium,2024-03-17,,9,Open
107,2,10276,NCR,Medium,2023-03-21,,7,Closed
108,18,13578,NCR,High,2023-09-18,,10,Open
109,8,11646,NCR,Low,2023-09-24,,4,Open
110,11,12254,Safety,Medium,2023-12-09,,21,Open
111,7,11429,RFI,Medium,2024-02-21,,14,Open
112,15,13086,RFI,High,2022-12-12,,0,Closed
113,17,13492,NCR,Medium,2022-06-02,,17,Closed
114,7,11410,RFI,Medium,2023-01-15,,17,Closed
115,18,13531,Safety,Medium,2024-04-28,,2,Open
116,24,14962,Safety,High,2023-09-30,,24,Open
117,5,11032,RFI,High,2023-03-05,,16,Open
118,5,10957,RFI,Low,2023-11-15,,1,Open
119,24,14975,NCR,Low,2023-06-02,,0,Open
120,24,14798,Safety,Low,2023-10-13,,21,Open
121,10,12005,NCR,Low,2022-07-30,,24,Open
122,20,13998,RFI,High,2024-06-19,,17,Open
123,17,13469,Safety,High,2022-04-05,,16,Closed
124,12,12371,NCR,Medium,2022-04-23,,25,Closed
125,25,15087,RFI,High,2023-11-02,,13,Closed
126,17,13347,NCR,Low,2023-04-03,,0,Open
127,1,10116,NCR,Medium,2022-06-18,,15,Closed
128,18,13728,NCR,High,2023-03-01,,23,Open
129,19,13812,NCR,Medium,2023-11-20,,3,Open
130,14,12920,Safety,High,2023-10-19,,14,Closed
131,24,14898,NCR,Low,2023-01-18,,8,Open
132,6,11209,Safety,High,2023-11-28,,19,Open
133,10,12115,Safety,High,2023-01-27,,19,Closed
134,24,14832,Safety,Medium,2023-10-28,,11,Open
135,9,11855,Safety,High,2024-01-12,,15,Open
136,7,11451,Safety,High,2022-08-29,,24,Closed
137,25,15016,Safety,Low,2023-06-24,,12,Closed
138,16,13126,RFI,High,2023-02-08,,2,Open
139,5,10922,RFI,High,2023-08-19,,2,Open
140,15,13019,NCR,Low,2022-08-20,,4,Closed
141,19,13822,NCR,High,2022-08-20,,15,Open
142,4,10707,RFI,Low,2022-11-06,,9,Open
143,16,13210,Safety,Medium,2022-12-14,,10,Open
144,20,14073,Safety,Medium,2022-12-25,,17,Open
145,12,12347,NCR,Low,2022-11-30,,23,Open
146,6,11261,Safety,Low,2023-03-17,,22,Closed
147,11,12311,Safety,Low,2023-12-21,,13,Open
148,11,12235,NCR,Medium,2022-12-16,,11,Closed
149,13,12729,Safety,Medium,2022-10-12,,7,Open
150,4,10831,NCR,High,2023-05-03,,18,Closed
151,6,11292,Safety,Low,2023-09-03,,0,Closed
152,22,14438,Safety,High,2023-05-10,,21,Open
153,24,14817,Safety,High,2022-08-14,,1,Closed
154,19,13789,RFI,Medium,2022-11-14,,0,Open
155,23,14611,NCR,Medium,2024-01-02,,4,Open
156,24,14974,NCR,High,2024-02-10,,5,Closed
157,16,13303,NCR,High,2023-07-06,,11,Open
158,17,13417,NCR,High,2023-03-17,,22,Open
159,4,10699,NCR,Medium,2023-03-16,,12,Closed
160,24,14964,Safety,Low,2024-01-01,,1,Closed
161,26,15222,NCR,High,2023-09-30,,11,Open
162,22,14508,Safety,Low,2022-03-23,,1,Closed
163,11,12133,Safety,High,2023-02-18,,7,Closed
164,23,14693,Safety,Low,2023-07-10,,2,Closed
165,23,14699,RFI,High,2022-09-08,,0,Closed
166,6,11131,Safety,Low,2023-08-12,,12,Open
167,6,11269,NCR,Medium,2022-08-05,,19,Open
168,28,15730,NCR,Medium,2023-12-08,,8,Closed
169,4,10758,NCR,Low,2023-10-17,,8,Open
170,18,13703,Safety,Low,2024-04-10,,14,Closed
171,18,13666,Safety,Low,2023-01-01,,2,Open
172,4,10652,NCR,Medium,2023-04-02,,9,Closed
173,21,14192,NCR,Low,2023-06-24,,11,Closed
174,14,12839,NCR,High,2023-04-30,,1,Open
175,13,12624,Safety,High,2022-06-18,,11,Closed
176,11,12125,Safety,High,2022-05-29,,20,Open
177,11,12306,NCR,High,2023-04-18,,17,Open
178,18,13645,NCR,High,2022-11-23,,0,Closed
179,19,13784,Safety,Medium,2023-01-01,,22,Open
180,17,13446,Safety,Low,2022-12-22,,4,Closed
181,2,10403,Safety,Low,2022-09-15,,21,Open
182,15,13028,RFI,Medium,2023-06-27,,12,Open
183,1,10084,Safety,Low,2023-03-13,,12,Open
184,3,10420,NCR,Low,2023-06-16,,11,Open
185,1,10180,RFI,Medium,2023-12-25,,4,Open
186,8,11687,RFI,Low,2023-06-03,,0,Closed
187,12,12421,Safety,Medium,2023-03-25,,11,Open
188,15,13017,NCR,High,2023-09-12,,10,Open
189,24,14939,NCR,High,2023-11-27,,25,Closed
190,3,10434,RFI,Medium,2024-05-23,,1,Open
191,13,12668,NCR,Low,2023-01-30,,22,Closed
192,9,11750,NCR,Low,2024-02-06,,4,Open
193,23,14712,RFI,Medium,2023-07-24,,25,Closed
194,5,10982,NCR,Low,2023-02-23,,13,Closed
195,6,11077,RFI,Medium,2023-02-18,,10,Closed
196,4,10801,NCR,Low,2023-01-25,,25,Closed
197,17,13424,Safety,Medium,2022-05-08,,11,Closed
198,12,12396,NCR,Medium,2023-07-30,,22,Open
199,8,11494,RFI,High,2024-02-17,,6,Closed
200,3,10641,RFI,High,2023-04-28,,21,Closed
201,23,14671,RFI,High,2023-02-10,,18,Open
202,13,12601,Safety,Medium,2023-10-12,,10,Closed
203,15,13042,Safety,High,2022-04-02,,23,Closed
204,8,11685,Safety,High,2022-11-02,,1,Open
205,22,14475,RFI,Medium,2022-07-22,,2,Closed
206,15,12941,RFI,High,2022-11-15,,17,Open
207,11,12322,NCR,Low,2023-01-06,,13,Closed
208,22,14484,Safety,High,2023-02-26,,25,Closed
209,17,13385,RFI,Medium,2023-03-30,,21,Open
210,24,14839,NCR,Medium,2022-12-19,,4,Closed
211,7,11376,RFI,Medium,2023-07-30,,19,Open
212,12,12498,RFI,Medium,2023-04-01,,0,Open
213,5,10963,Safety,High,2022-06-12,,7,Closed
214,26,15225,RFI,Low,2024-03-03,,17,Closed
215,18,13603,Safety,Low,2023-11-25,,15,Open
216,11,12248,RFI,Low,2022-08-11,,4,Open
217,2,10346,Safety,Medium,2023-09-19,,8,Open
218,5,10969,NCR,High,2023-08-05,,17,Closed
219,11,12297,Safety,Low,2023-08-23,,2,Open
220,8,11507,RFI,Low,2023-12-01,,5,Closed
221,5,10972,NCR,High,2022-11-28,,3,Open
222,18,13711,Safety,Medium,2024-04-18,,9,Closed
223,18,13669,NCR,High,2023-01-28,,13,Closed
224,4,10738,Safety,Low,2023-05-22,,23,Closed
225,25,14985,Safety,Medium,2022-09-13,,15,Open
226,22,14479,NCR,Medium,2023-01-05,,4,Open
227,18,13547,NCR,Medium,2024-01-17,,6,Open
228,24,14787,NCR,Medium,2022-11-01,,8,Closed
229,9,11773,Safety,High,2023-07-18,,2,Open
230,2,10319,Safety,Medium,2023-06-17,,6,Closed
231,17,13500,NCR,Low,2022-03-06,,23,Closed
232,3,10501,NCR,Medium,2022-07-01,,15,Closed
233,20,14102,NCR,High,2024-04-02,,6,Open
234,19,13835,RFI,Low,2023-10-30,,11,Open
235,25,15018,Safety,High,2023-05-13,,7,Closed
236,18,13641,NCR,Medium,2024-03-07,,11,Open
237,6,11137,RFI,Medium,2023-07-10,,9,Open
238,28,15714,NCR,High,2024-03-29,,17,Closed
239,15,13026,RFI,Low,2022-05-06,,1,Open
240,24,14783,Safety,High,2023-10-02,,8,Closed
241,13,12541,RFI,Medium,2023-08-03,,5,Closed
242,21,14189,Safety,Low,2023-03-02,,17,Open
243,20,14025,NCR,High,2022-12-15,,4,Closed
244,19,13930,RFI,Low,2023-02-07,,21,Closed
245,5,10913,Safety,Medium,2023-03-19,,19,Closed
246,6,11167,NCR,Medium,2024-03-28,,19,Closed
247,27,15460,RFI,Medium,2023-06-23,,6,Open
248,1,10150,Safety,Low,2022-07-18,,16,Closed
249,16,13321,NCR,Medium,2023-04-18,,12,Open
250,22,14542,RFI,Low,2023-02-13,,2,Closed
251,24,14766,NCR,Medium,2023-02-13,,0,Closed
252,11,12191,NCR,Low,2023-01-24,,25,Open
253,5,11060,Safety,High,2022-10-02,,9,Closed
254,19,13900,NCR,Low,2022-05-21,,24,Open
255,11,12307,Safety,Low,2022-12-25,,23,Open
256,20,14037,RFI,Low,2024-05-10,,15,Open
257,14,12934,RFI,High,2024-07-16,,13,Closed
258,12,12467,Safety,Low,2023-03-18,,23,Closed
259,18,13680,NCR,High,2023-04-12,,19,Closed
260,9,11730,NCR,Low,2024-04-08,,21,Closed
261,24,14969,RFI,Medium,2022-10-22,,11,Open
262,14,12921,NCR,Low,2023-07-20,,13,Open
263,10,11998,RFI,Medium,2023-03-09,,19,Open
264,21,14339,NCR,High,2023-03-22,,25,Closed
265,27,15483,RFI,High,2023-07-31,,12,Closed
266,26,15284,NCR,High,2022-07-28,,24,Open
267,15,13039,Safety,Medium,2022-11-07,,16,Open
268,21,14361,RFI,Medium,2022-03-29,,17,Closed
269,12,12420,RFI,Medium,2023-09-27,,19,Open
270,9,11731,RFI,High,2023-06-05,,5,Open
271,19,13783,NCR,High,2022-06-12,,13,Open
272,26,15239,NCR,Medium,2023-11-14,,8,Closed
273,1,10146,RFI,Medium,2024-04-13,,22,Open
274,19,13895,NCR,Medium,2022-11-11,,23,Open
275,26,15307,Safety,Low,2023-04-29,,14,Open
276,23,14625,NCR,Medium,2023-06-28,,19,Open
277,2,10306,NCR,High,2022-11-05,,16,Open
278,15,13097,RFI,High,2023-05-17,,9,Open
279,8,11638,Safety,Medium,2022-07-19,,4,Closed
280,4,10853,Safety,Low,2023-12-28,,3,Closed
281,13,12562,NCR,Medium,2023-08-07,,17,Closed
282,15,12963,NCR,Low,2023-02-05,,11,Open
283,28,15588,NCR,Medium,2024-01-26,,19,Closed
284,1,10009,NCR,High,2023-08-23,,9,Closed
285,16,13274,Safety,Medium,2023-05-29,,7,Closed
286,12,12387,Safety,High,2022-12-17,,11,Closed
287,12,12524,Safety,Medium,2022-08-20,,9,Open
288,3,10433,RFI,High,2023-04-05,,18,Open
289,10,12092,RFI,Medium,2023-08-31,,16,Closed
290,11,12266,RFI,Medium,2023-03-29,,12,Closed
291,6,11182,RFI,Medium,2023-03-18,,24,Closed
292,8,11585,RFI,High,2022-09-08,,13,Closed
293,14,12802,Safety,Medium,2023-11-27,,17,Open
294,3,10408,NCR,Low,2024-03-01,,22,Closed
295,11,12143,Safety,Low,2022-08-19,,17,Open
296,24,14849,Safety,Medium,2022-09-22,,12,Closed
297,9,11788,NCR,High,2024-03-21,,18,Closed
298,18,13610,RFI,Low,2022-09-30,,1,Closed
299,14,12818,Safety,Medium,2023-08-04,,15,Open
300,16,13236,Safety,Medium,2022-08-15,,24,Closed
301,24,14836,NCR,High,2023-02-09,,19,Open
302,3,10617,Safety,High,2023-08-18,,1,Open
303,5,10988,RFI,High,2023-08-23,,11,Open
304,4,10717,Safety,Low,2023-03-17,,10,Open
305,26,15250,RFI,High,2023-08-29,,10,Closed
306,27,15529,RFI,Low,2022-09-16,,16,Open
307,22,14422,Safety,Medium,2022-10-09,,6,Closed
308,14,12912,RFI,Low,2024-05-02,,2,Closed
309,24,14822,NCR,Low,2022-05-02,,14,Closed
310,5,11016,Safety,Low,2022-10-20,,11,Open
311,2,10326,Safety,Medium,2023-09-01,,0,Closed
312,26,15233,NCR,High,2023-04-17,,18,Open
313,8,11707,Safety,Medium,2023-05-16,,10,Closed
314,22,14388,Safety,Low,2022-04-18,,6,Open
315,21,14375,Safety,Medium,2022-08-03,,1,Open
316,6,11170,RFI,Medium,2022-06-15,,4,Open
317,20,14022,RFI,Medium,2023-12-30,,4,Open
318,18,13706,NCR,Low,2023-02-08,,22,Closed
319,11,12312,RFI,High,2023-08-24,,21,Open
320,15,13078,RFI,High,2023-02-03,,11,Closed
321,4,10869,NCR,Medium,2022-08-26,,15,Open
322,7,11408,Safety,Low,2024-02-13,,12,Open
323,17,13374,Safety,Low,2023-01-25,,4,Open
324,3,10583,NCR,Medium,2022-08-11,,25,Open
325,21,14220,RFI,Medium,2022-11-18,,8,Open
326,13,12535,NCR,Medium,2022-09-02,,17,Closed
327,21,14210,RFI,Low,2022-11-04,,8,Open
328,21,14351,Safety,Low,2022-10-27,,17,Open
329,7,11424,RFI,High,2023-08-19,,4,Closed
330,1,10102,Safety,Medium,2022-08-06,,22,Closed
331,4,10774,NCR,Low,2023-10-27,,11,Open
332,7,11355,RFI,Medium,2023-05-10,,19,Closed
333,8,11599,Safety,Low,2022-12-24,,12,Open
334,18,13516,Safety,High,2024-01-26,,2,Closed
335,14,12791,Safety,Medium,2023-06-07,,10,Closed
336,19,13743,RFI,High,2022-05-15,,10,Open
337,3,10447,RFI,High,2022-12-19,,12,Closed
338,24,14758,NCR,High,2022-04-13,,0,Open
339,1,10074,RFI,High,2022-09-28,,14,Open
340,17,13477,RFI,Low,2022-10-03,,17,Closed
341,14,12905,Safety,High,2023-12-23,,17,Open
342,16,13162,Safety,High,2022-11-25,,11,Open
343,20,14092,RFI,High,2024-04-06,,0,Open
344,4,10719,RFI,Medium,2023-02-20,,4,Open
345,21,14371,Safety,Low,2022-08-21,,20,Open
346,7,11314,Safety,Medium,2022-10-26,,18,Open
347,22,14376,NCR,Low,2022-08-27,,13,Closed
348,17,13344,Safety,High,2022-03-23,,13,Closed
349,17,13466,NCR,High,2023-02-16,,18,Closed
350,10,12030,RFI,Medium,2022-08-27,,5,Closed
351,11,12282,NCR,High,2022-05-29,,14,Closed
352,22,14547,RFI,Medium,2023-06-14,,10,Closed
353,15,12993,RFI,Medium,2023-11-02,,7,Closed
354,6,11194,RFI,High,2024-04-15,,18,Open
355,26,15376,NCR,Low,2022-09-25,,17,Open
356,16,13208,Safety,Low,2023-03-18,,17,Closed
357,16,13219,RFI,High,2023-07-23,,22,Open
358,1,10081,RFI,Medium,2023-01-05,,6,Open
359,13,12653,NCR,Medium,2022-09-09,,12,Closed
360,24,14936,RFI,Medium,2023-08-06,,4,Closed
361,10,11956,Safety,Low,2022-07-27,,7,Closed
362,20,14091,RFI,Low,2023-01-02,,25,Closed
363,9,11848,Safety,Medium,2024-02-12,,19,Open
364,8,11537,RFI,High,2024-01-25,,20,Open
365,14,12797,Safety,Medium,2022-12-13,,14,Open
366,1,10122,RFI,Low,2023-05-20,,6,Closed
367,5,10894,NCR,High,2023-11-28,,14,Closed
368,18,13618,NCR,Low,2023-02-22,,24,Closed
369,4,10757,Safety,Medium,2022-07-25,,2,Closed
370,12,12517,NCR,Medium,2022-09-20,,19,Closed
371,9,11832,Safety,High,2022-11-08,,0,Closed
372,18,13580,RFI,High,2022-05-31,,24,Closed
373,17,13481,RFI,High,2022-06-03,,21,Open
374,20,13978,NCR,High,2023-12-20,,5,Closed
375,9,11779,NCR,Low,2022-05-27,,14,Open
376,12,12408,NCR,Low,2023-02-10,,16,Closed
377,27,15469,RFI,High,2023-06-13,,22,Open
378,16,13314,Safety,High,2022-07-04,,19,Open
379,23,14745,NCR,Low,2023-02-13,,11,Open
380,24,14841,NCR,High,2023-02-10,,8,Open
381,6,11096,Safety,Medium,2023-07-05,,8,Closed
382,17,13412,Safety,Medium,2022-02-24,,15,Open
383,28,15669,NCR,Low,2022-11-23,,13,Open
384,12,12511,Safety,High,2023-12-18,,20,Open
385,13,12634,RFI,Medium,2022-10-16,,7,Closed
386,4,10798,Safety,Low,2023-01-15,,1,Closed
387,28,15721,Safety,High,2023-01-30,,13,Closed
388,19,13826,NCR,Low,2023-01-23,,14,Closed
389,14,12917,Safety,Medium,2023-03-15,,18,Closed
390,8,11697,Safety,Medium,2024-02-02,,15,Open
391,11,12268,NCR,Low,2024-02-12,,17,Open
392,6,11078,RFI,High,2022-08-21,,11,Closed
393,26,15388,NCR,Low,2023-10-29,,23,Open
394,26,15316,RFI,Low,2022-02-01,,23,Open
395,21,14204,NCR,Low,2022-03-11,,12,Closed
396,25,14995,NCR,Medium,2023-06-07,,3,Closed
397,28,15644,Safety,Low,2024-01-22,,18,Open
398,4,10664,Safety,Low,2023-03-05,,9,Open
399,27,15509,Safety,Low,2023-07-27,,22,Closed
400,19,13800,Safety,High,2022-08-27,,0,Open
401,21,14187,NCR,Low,2022-04-10,,25,Open
402,24,14901,Safety,Low,2024-03-24,,4,Open
403,21,14264,Safety,Medium,2022-06-23,,24,Open
404,28,15663,NCR,Low,2023-06-16,,8,Closed
405,22,14527,RFI,Medium,2023-01-26,,18,Open
406,6,11223,NCR,Medium,2023-02-21,,7,Closed
407,14,12856,NCR,Medium,2024-04-08,,19,Open
408,25,15124,RFI,Low,2023-05-23,,22,Closed
409,2,10222,NCR,Low,2022-07-16,,1,Open
410,3,10626,RFI,High,2023-04-27,,22,Closed
411,3,10604,NCR,Low,2022-12-09,,19,Closed
412,24,14954,RFI,High,2023-07-30,,1,Closed
413,26,15373,RFI,High,2023-06-10,,23,Open
414,26,15390,NCR,Medium,2022-05-03,,0,Open
415,17,13463,RFI,Low,2022-03-21,,1,Open
416,16,13279,Safety,Low,2022-10-07,,5,Open
417,1,10188,RFI,Medium,2023-09-16,,19,Closed
418,8,11703,Safety,High,2023-03-21,,23,Open
419,26,15402,NCR,High,2022-12-12,,0,Open
420,16,13169,Safety,Low,2022-11-11,,8,Open
421,27,15570,NCR,Low,2022-07-14,,17,Closed
422,21,14289,NCR,Medium,2022-12-07,,7,Closed
423,5,10961,NCR,High,2022-06-09,,17,Open
424,5,10906,Safety,Medium,2022-08-28,,25,Open
425,20,14038,RFI,Medium,2023-05-05,,0,Closed
426,16,13284,NCR,High,2023-02-13,,22,Closed
427,25,15101,NCR,Low,2023-12-11,,6,Closed
428,1,10101,RFI,Low,2022-10-30,,9,Open
429,18,13723,RFI,Low,2024-06-25,,22,Closed
430,14,12787,RFI,Low,2023-06-27,,4,Open
431,17,13402,Safety,Low,2023-01-31,,25,Closed
432,24,14768,NCR,High,2023-08-24,,16,Open
433,27,15490,Safety,Low,2023-05-20,,16,Open
434,4,10677,Safety,Low,2023-02-26,,3,Open
435,5,10935,Safety,High,2022-12-02,,11,Open
436,1,10068,Safety,Low,2023-08-29,,20,Closed
437,23,14735,NCR,Medium,2024-01-14,,15,Closed
438,13,12639,RFI,Medium,2023-06-25,,9,Open
439,11,12164,RFI,Medium,2023-08-29,,14,Open
440,10,11954,NCR,High,2022-08-11,,5,Open
441,2,10360,RFI,Low,2023-12-06,,13,Closed
442,25,15015,RFI,Medium,2022-08-04,,19,Open
443,8,11705,NCR,Medium,2023-09-18,,11,Open
444,5,10933,RFI,Medium,2023-02-23,,4,Open
445,27,15444,RFI,Medium,2022-10-28,,24,Open
446,25,15190,RFI,High,2023-02-25,,14,Closed
447,21,14328,Safety,High,2022-05-05,,12,Open
448,5,11059,Safety,High,2023-05-18,,8,Open
449,28,15660,NCR,Medium,2024-06-16,,9,Open
450,14,12899,NCR,High,2024-08-28,,22,Closed
451,21,14207,NCR,Medium,2022-05-27,,4,Closed
452,6,11180,NCR,High,2023-02-24,,10,Open
453,8,11691,Safety,Low,2023-02-07,,15,Closed
454,15,12951,Safety,Low,2023-06-05,,24,Closed
455,27,15566,Safety,High,2022-10-09,,6,Open
456,10,11991,NCR,Medium,2023-06-17,,2,Closed
457,7,11422,NCR,Medium,2023-05-25,,14,Open
458,12,12450,Safety,High,2023-09-15,,17,Closed
459,6,11210,RFI,Medium,2024-02-10,,4,Closed
460,17,13340,RFI,Medium,2022-05-06,,0,Closed
461,26,15228,RFI,Medium,2024-02-13,,22,Open
462,3,10474,RFI,High,2022-12-05,,13,Open
463,2,10232,RFI,Low,2023-03-27,,17,Open
464,23,14584,NCR,Medium,2023-01-13,,21,Closed
465,25,15142,NCR,High,2023-03-04,,1,Open
466,18,13514,NCR,Medium,2023-03-25,,22,Closed
467,20,13968,NCR,Low,2022-08-27,,22,Closed
468,8,11681,NCR,Low,2023-02-05,,18,Closed
469,20,13979,NCR,Medium,2024-05-09,,18,Closed
470,10,12095,Safety,Low,2023-06-05,,2,Open
471,10,11963,RFI,Low,2022-08-06,,10,Open
472,3,10597,RFI,Low,2024-05-09,,6,Closed
473,25,15123,RFI,High,2023-10-18,,7,Open
474,28,15726,Safety,Low,2023-12-02,,2,Open
475,14,12769,Safety,High,2023-10-11,,13,Closed
476,20,14140,RFI,High,2023-12-08,,25,Open
477,4,10736,Safety,Low,2022-12-14,,8,Closed
478,18,13612,NCR,Low,2022-06-20,,19,Open
479,14,12840,RFI,Medium,2023-07-03,,9,Open
480,18,13713,NCR,High,2023-10-06,,17,Open
481,24,14950,NCR,Medium,2022-05-21,,21,Open
482,1,10079,NCR,High,2024-01-12,,8,Open
483,24,14951,RFI,Medium,2023-08-28,,18,Closed
484,27,15475,RFI,Low,2022-06-15,,6,Open
485,6,11105,Safety,Medium,2023-04-04,,14,Open
486,9,11838,Safety,Medium,2023-09-28,,17,Closed
487,16,13160,Safety,Low,2023-03-14,,6,Closed
488,10,11966,Safety,Low,2024-01-01,,11,Open
489,18,13690,NCR,Medium,2024-04-30,,11,Open
490,13,12689,RFI,Medium,2022-07-27,,1,Closed
491,10,11950,Safety,Medium,2022-08-20,,12,Open
492,25,15180,RFI,High,2023-11-14,,24,Open
493,21,14314,RFI,High,2022-02-02,,20,Closed
494,14,12907,RFI,Low,2023-12-10,,15,Closed
495,6,11173,RFI,Medium,2024-02-28,,9,Closed
496,14,12832,Safety,Low,2023-01-20,,12,Closed
497,7,11407,RFI,High,2022-11-20,,1,Open
498,10,11936,NCR,High,2022-08-28,,19,Closed
499,17,13396,Safety,Medium,2022-12-08,,15,Closed
500,20,14066,Safety,Medium,2024-02-01,,4,Closed
501,10,12104,NCR,Medium,2023-04-03,,2,Open
502,21,14206,NCR,High,2022-12-20,,2,Closed
503,25,15189,NCR,Medium,2023-07-31,,14,Open
504,7,11392,NCR,High,2023-02-07,,0,Open
505,1,10136,NCR,Medium,2024-01-23,,17,Closed
506,28,15696,Safety,Medium,2024-02-06,,23,Open
507,23,14717,Safety,High,2023-02-12,,5,Closed
508,21,14202,RFI,Medium,2023-04-18,,0,Open
509,15,13111,NCR,Low,2023-06-19,,9,Open
510,24,14772,RFI,High,2024-03-17,,17,Open
511,26,15287,NCR,Medium,2022-04-12,,24,Open
512,2,10229,NCR,Medium,2023-08-14,,15,Open
513,19,13791,RFI,High,2023-01-08,,17,Closed
514,27,15459,RFI,Medium,2023-04-26,,8,Closed
515,25,15153,RFI,Medium,2022-08-08,,21,Closed
516,5,10997,NCR,High,2022-10-06,,4,Open
517,19,13745,RFI,Medium,2022-10-09,,17,Open
518,24,14778,RFI,Medium,2022-08-25,,22,Closed
519,11,12303,NCR,High,2023-11-26,,10,Closed
520,10,12119,RFI,Medium,2022-09-06,,6,Closed
521,4,10733,RFI,High,2023-08-12,,8,Open
522,13,12595,Safety,Low,2023-07-27,,10,Closed
523,25,15084,NCR,High,2022-09-24,,18,Open
524,4,10713,Safety,Low,2022-09-12,,7,Closed
525,18,13716,NCR,Medium,2023-11-22,,20,Open
526,13,12714,RFI,Medium,2022-12-27,,13,Closed
527,20,14024,RFI,High,2023-07-29,,1,Open
528,26,15412,RFI,Medium,2022-08-12,,17,Open
529,26,15242,RFI,High,2022-01-16,,6,Closed
530,9,11884,RFI,Medium,2023-09-17,,4,Closed
531,24,14958,RFI,Low,2022-08-20,,12,Open
532,12,12415,RFI,High,2022-12-31,,9,Open
533,6,11280,RFI,High,2023-09-24,,5,Closed
534,19,13767,NCR,High,2023-05-24,,20,Open
535,11,12285,NCR,High,2024-01-21,,13,Closed
536,20,14114,NCR,High,2023-01-24,,1,Closed
537,26,15404,RFI,Low,2023-10-22,,22,Open
538,27,15576,Safety,Low,2022-09-28,,10,Open
539,14,12864,Safety,Low,2023-06-23,,7,Open
540,16,13229,RFI,High,2023-06-06,,12,Closed
541,1,10196,RFI,High,2024-01-12,,7,Open
542,4,10701,NCR,Medium,2023-11-23,,19,Closed
543,4,10789,NCR,Medium,2023-08-21,,25,Open
544,18,13546,Safety,Medium,2023-09-29,,1,Closed
545,27,15586,NCR,Low,2022-09-07,,0,Closed
546,20,13999,Safety,Medium,2023-03-05,,0,Closed
547,22,14575,Safety,Medium,2023-03-28,,19,Closed
548,14,12788,Safety,High,2022-09-16,,0,Closed
549,25,15061,NCR,Medium,2023-04-17,,25,Open
550,13,12547,NCR,High,2022-07-09,,0,Closed
551,14,12831,RFI,Medium,2023-05-13,,23,Open
552,7,11391,NCR,Medium,2023-09-02,,24,Open
553,14,12873,RFI,Medium,2024-07-26,,9,Open
554,18,13551,RFI,High,2022-08-07,,11,Open
555,23,14740,Safety,Low,2022-12-09,,25,Open
556,25,14984,NCR,High,2022-08-09,,12,Closed
557,12,12369,RFI,Medium,2024-01-22,,0,Open
558,7,11490,Safety,Medium,2022-12-20,,14,Closed
559,3,10475,NCR,Low,2023-06-16,,25,Closed
560,6,11243,Safety,Medium,2022-10-17,,20,Closed
561,19,13827,NCR,High,2023-01-21,,2,Open
562,21,14350,RFI,Low,2023-04-04,,15,Open
563,20,14000,RFI,High,2023-02-06,,10,Closed
564,6,11253,RFI,High,2022-07-23,,14,Closed
565,18,13683,RFI,Low,2022-12-26,,19,Open
566,20,14048,RFI,High,2022-10-21,,7,Closed
567,17,13440,Safety,High,2022-12-22,,20,Closed
568,5,11003,RFI,Low,2023-03-08,,10,Open
569,1,10080,Safety,High,2022-10-28,,0,Open
570,10,11982,RFI,High,2023-11-14,,5,Closed
571,22,14383,Safety,High,2022-04-08,,23,Closed
572,5,11024,RFI,Medium,2023-02-22,,9,Open
573,4,10730,RFI,Medium,2023-11-07,,14,Open
574,4,10861,RFI,High,2023-08-25,,12,Open
575,23,14656,RFI,Low,2023-11-15,,23,Closed
576,2,10329,NCR,Medium,2023-02-19,,16,Closed
577,22,14435,RFI,Medium,2023-06-06,,8,Open
578,1,10173,NCR,Medium,2022-11-15,,6,Open
579,21,14229,RFI,Low,2022-11-03,,14,Open
580,12,12528,Safety,Medium,2023-04-18,,17,Closed
581,21,14282,RFI,Medium,2022-08-02,,11,Closed
582,4,10841,Safety,Medium,2023-06-18,,14,Open
583,22,14454,RFI,High,2023-06-07,,12,Open
584,25,14989,RFI,Medium,2023-11-28,,0,Closed
585,7,11445,RFI,Low,2023-09-10,,7,Open
586,9,11880,Safety,Medium,2022-02-18,,20,Open
587,22,14430,Safety,Low,2023-07-16,,4,Closed
588,18,13691,Safety,Low,2022-10-26,,17,Closed
589,16,13324,RFI,Low,2022-10-23,,1,Closed
590,10,12037,NCR,High,2023-07-24,,20,Open
591,10,11967,RFI,Low,2023-06-14,,16,Open
592,25,15160,RFI,High,2022-06-18,,5,Closed
593,2,10244,NCR,Low,2023-08-23,,18,Closed
594,28,15649,Safety,High,2023-10-13,,1,Closed
595,15,13112,Safety,High,2023-07-30,,15,Open
596,15,12973,RFI,High,2023-10-18,,17,Open
597,15,13009,Safety,High,2023-05-09,,22,Open
598,19,13808,NCR,Medium,2023-11-23,,16,Open
599,4,10684,RFI,Low,2022-07-13,,16,Closed
600,5,10980,Safety,High,2023-08-08,,24,Open
601,16,13330,RFI,High,2022-09-08,,0,Closed
602,9,11846,Safety,High,2023-08-27,,4,Open
603,12,12457,NCR,Medium,2024-01-02,,1,Closed
604,28,15675,RFI,Medium,2024-05-10,,11,Closed
605,26,15285,RFI,Low,2023-10-12,,2,Open
606,24,14897,NCR,Low,2023-02-12,,24,Open
607,13,12531,Safety,High,2023-07-12,,9,Closed
608,21,14359,NCR,Low,2022-01-20,,5,Closed
609,14,12799,RFI,Low,2023-10-06,,17,Open
610,10,12087,NCR,Low,2022-11-06,,6,Open
611,5,10949,Safety,Low,2022-07-04,,10,Closed
612,18,13530,RFI,Low,2022-09-12,,11,Open
613,19,13796,Safety,Medium,2022-04-01,,9,Closed
614,3,10445,RFI,Low,2022-12-02,,5,Closed
615,24,14889,Safety,High,2023-09-18,,18,Open
616,23,14613,RFI,Medium,2023-01-21,,4,Closed
617,14,12838,RFI,Low,2022-08-11,,7,Open
618,3,10460,NCR,Medium,2023-01-22,,7,Closed
619,13,12654,Safety,High,2022-05-06,,19,Open
620,23,14629,RFI,Low,2024-02-16,,5,Closed
621,3,10416,NCR,Low,2023-05-11,,25,Open
622,24,14774,RFI,Medium,2023-01-02,,18,Open
623,17,13401,RFI,Low,2022-03-03,,16,Closed
624,1,10184,Safety,Low,2023-08-29,,16,Closed
625,10,12027,RFI,High,2023-11-19,,18,Open
626,17,13423,Safety,High,2023-01-24,,14,Closed
627,26,15278,NCR,Low,2023-05-08,,22,Closed
628,23,14662,NCR,High,2022-07-07,,4,Open
629,26,15318,NCR,Low,2023-05-04,,4,Open
630,8,11544,NCR,Medium,2023-12-20,,18,Open
631,7,11437,RFI,High,2023-05-27,,21,Open
632,7,11329,RFI,Low,2023-06-24,,4,Open
633,27,15535,NCR,Medium,2023-03-23,,2,Open
634,19,13854,Safety,Medium,2022-04-10,,10,Open
635,22,14534,RFI,Medium,2022-09-10,,24,Closed
636,19,13749,RFI,High,2024-03-15,,8,Closed
637,12,12509,Safety,Low,2023-09-12,,16,Open
638,22,14522,RFI,High,2022-10-02,,12,Closed
639,23,14621,NCR,Medium,2023-12-19,,23,Closed
640,7,11307,RFI,High,2023-11-30,,5,Closed
641,17,13367,NCR,Low,2022-03-04,,13,Open
642,23,14674,NCR,Medium,2023-01-16,,25,Open
643,28,15715,RFI,High,2023-05-06,,8,Closed
644,11,12247,RFI,Medium,2023-10-22,,4,Closed
645,19,13803,Safety,Medium,2022-07-02,,7,Closed
646,2,10337,Safety,High,2023-02-18,,5,Open
647,26,15207,RFI,High,2023-11-18,,2,Open
648,25,15162,RFI,High,2022-12-09,,7,Closed
649,17,13420,RFI,Medium,2022-10-15,,2,Closed
650,2,10280,Safety,High,2023-09-16,,16,Open
651,27,15481,NCR,High,2023-07-15,,3,Closed
652,22,14548,Safety,Medium,2023-06-07,,23,Open
653,17,13369,NCR,Low,2022-03-20,,22,Open
654,17,13341,RFI,High,2022-11-28,,3,Closed
655,13,12703,RFI,Low,2023-08-21,,13,Closed
656,13,12594,Safety,Medium,2022-08-01,,19,Open
657,1,10139,Safety,High,2023-08-08,,8,Closed
658,7,11385,RFI,Medium,2022-06-06,,15,Closed
659,25,15105,Safety,High,2022-02-11,,1,Closed
660,25,15033,NCR,Medium,2023-10-29,,19,Open
661,3,10505,RFI,High,2024-01-27,,11,Closed
662,26,15230,Safety,High,2023-11-28,,24,Closed
663,15,13055,NCR,High,2023-03-26,,15,Open
664,1,10214,RFI,Low,2024-03-05,,1,Closed
665,16,13206,Safety,Low,2023-01-17,,7,Closed
666,13,12709,Safety,Low,2023-10-11,,14,Open
667,21,14238,Safety,Medium,2023-04-25,,14,Closed
668,5,11011,Safety,Low,2022-09-24,,19,Open
669,7,11403,RFI,Medium,2023-11-15,,12,Open
670,1,10121,RFI,High,2024-01-23,,25,Closed
671,2,10388,RFI,High,2023-03-21,,16,Closed
672,3,10563,Safety,Medium,2023-08-21,,8,Open
673,11,12336,RFI,High,2022-09-17,,19,Open
674,16,13251,NCR,High,2022-09-13,,22,Closed
675,15,13054,NCR,Low,2022-10-23,,1,Open
676,26,15273,RFI,Low,2023-12-17,,18,Closed
677,18,13710,RFI,Medium,2022-11-29,,9,Open
678,7,11351,NCR,High,2023-06-06,,20,Closed
679,19,13932,Safety,Medium,2022-12-13,,19,Closed
680,13,12706,RFI,Low,2023-01-05,,19,Closed
681,17,13465,Safety,Low,2022-11-02,,5,Open
682,13,12713,Safety,Low,2023-05-06,,10,Closed
683,7,11344,Safety,Low,2023-07-11,,16,Open
684,24,14779,Safety,High,2023-12-12,,5,Closed
685,16,13266,NCR,High,2023-01-23,,7,Open
686,27,15457,NCR,Medium,2023-03-22,,23,Open
687,21,14197,Safety,Low,2022-09-28,,14,Closed
688,19,13778,Safety,High,2022-04-05,,16,Closed
689,22,14395,Safety,Low,2022-02-18,,1,Open
690,25,15117,RFI,Medium,2022-05-02,,11,Open
691,8,11684,RFI,Low,2023-03-08,,1,Open
692,18,13678,RFI,Low,2023-10-05,,20,Closed
693,8,11548,NCR,Medium,2022-11-10,,5,Open
694,14,12922,NCR,Medium,2024-03-26,,15,Open
695,9,11732,Safety,High,2022-09-10,,10,Open
696,21,14257,RFI,High,2023-08-06,,3,Open
697,18,13614,Safety,Low,2022-11-07,,16,Closed
698,23,14624,RFI,High,2022-07-08,,11,Open
699,1,10148,NCR,High,2023-10-14,,22,Closed
700,19,13777,Safety,High,2023-09-02,,13,Open
701,24,14971,RFI,High,2022-11-20,,2,Closed
702,22,14482,NCR,Medium,2022-03-13,,6,Closed
703,23,14748,Safety,Medium,2023-08-18,,12,Open
704,20,14058,Safety,Medium,2022-07-03,,5,Open
705,15,13087,NCR,Medium,2023-01-11,,7,Open
706,11,12139,Safety,Low,2022-06-11,,9,Closed
707,27,15445,Safety,Medium,2022-03-21,,20,Closed
708,17,13478,Safety,Low,2023-05-17,,17,Closed
709,9,11812,NCR,Low,2023-01-19,,2,Closed
710,1,10036,RFI,Low,2023-05-08,,4,Open
711,2,10373,NCR,Medium,2022-07-12,,5,Open
712,3,10632,NCR,Low,2023-05-11,,13,Open
713,17,13350,RFI,High,2022-04-21,,3,Closed
714,18,13677,Safety,Low,2022-08-20,,7,Closed
715,27,15577,NCR,Low,2023-04-21,,11,Open
716,27,15486,NCR,High,2022-06-09,,6,Closed
717,4,10742,RFI,High,2022-10-03,,0,Closed
718,11,12194,NCR,Low,2023-05-15,,16,Closed
719,25,15069,RFI,High,2022-06-15,,10,Open
720,25,15143,RFI,Medium,2022-07-12,,21,Closed
721,24,14906,NCR,Low,2022-10-08,,13,Closed
722,5,10954,RFI,Medium,2023-07-30,,21,Open
723,23,14753,NCR,Low,2023-04-19,,25,Open
724,12,12356,Safety,Low,2024-05-01,,21,Closed
725,12,12353,Safety,Low,2023-02-03,,0,Open
726,3,10454,NCR,High,2023-04-03,,22,Closed
727,7,11389,Safety,Medium,2023-10-30,,15,Open
728,28,15737,NCR,Low,2023-08-26,,19,Closed
729,12,12479,Safety,Medium,2022-08-31,,21,Open
730,26,15398,RFI,Low,2023-08-02,,0,Closed
731,9,11768,NCR,Low,2023-04-12,,25,Closed
732,8,11642,Safety,Medium,2023-07-23,,6,Open
733,9,11740,RFI,High,2023-07-30,,3,Open
734,13,12574,Safety,Low,2022-07-12,,16,Open
735,14,12740,NCR,Low,2024-01-23,,2,Open
736,26,15317,NCR,High,2022-07-08,,8,Closed
737,12,12510,NCR,Medium,2023-12-02,,6,Closed
738,17,13346,Safety,Medium,2022-06-08,,24,Open
739,6,11142,RFI,High,2023-10-20,,17,Closed
740,4,10740,RFI,High,2023-03-01,,16,Open
741,8,11536,RFI,High,2024-01-25,,9,Open
742,7,11460,RFI,Low,2023-04-14,,22,Closed
743,8,11587,RFI,High,2023-06-22,,9,Open
744,9,11872,Safety,Medium,2022-04-07,,0,Open
745,5,10916,Safety,Low,2022-09-10,,0,Closed
746,6,11129,NCR,High,2023-01-28,,15,Closed
747,12,12398,NCR,High,2022-09-14,,6,Open
748,27,15499,RFI,Low,2023-01-08,,7,Open
749,5,10966,Safety,High,2023-10-26,,22,Open
750,22,14444,Safety,High,2023-01-16,,4,Open
751,13,12651,Safety,High,2022-09-08,,6,Closed
752,8,11593,NCR,Medium,2023-01-24,,25,Open
753,9,11742,NCR,Medium,2023-05-27,,25,Open
754,4,10808,Safety,High,2022-06-17,,5,Open
755,24,14912,RFI,Low,2022-02-27,,21,Open
756,3,10449,NCR,High,2022-12-13,,11,Closed
757,1,10208,RFI,Medium,2023-08-13,,19,Open
758,14,12911,Safety,Medium,2022-07-21,,0,Open
759,15,12987,RFI,High,2022-05-16,,4,Open
760,5,10877,RFI,High,2023-08-20,,7,Open
761,28,15691,NCR,High,2023-05-22,,10,Closed
762,25,15184,Safety,High,2023-05-31,,19,Open
763,6,11108,RFI,Low,2022-10-03,,21,Open
764,20,14040,RFI,High,2024-04-12,,18,Closed
765,11,12339,Safety,Medium,2022-12-09,,8,Closed
766,11,12216,RFI,Medium,2022-10-26,,18,Open
767,27,15578,Safety,Low,2022-04-17,,2,Open
768,1,10086,Safety,Low,2023-03-11,,14,Open
769,26,15323,NCR,Medium,2023-12-12,,17,Open
770,25,15186,RFI,High,2023-08-18,,2,Closed
771,22,14541,NCR,Low,2023-06-11,,7,Open
772,16,13263,NCR,Medium,2023-01-14,,8,Open
773,5,10975,Safety,High,2023-05-31,,0,Open
774,26,15353,RFI,Medium,2023-05-08,,21,Open
775,25,14990,RFI,Medium,2023-03-12,,16,Open
776,13,12687,Safety,High,2023-03-19,,12,Closed
777,15,13093,Safety,Medium,2022-12-05,,23,Open
778,28,15707,RFI,Low,2023-02-01,,25,Closed
779,16,13273,RFI,Low,2022-06-12,,10,Closed
780,5,10950,Safety,Medium,2023-07-31,,1,Open
781,5,10962,RFI,Medium,2023-12-04,,15,Open
782,28,15630,RFI,Medium,2022-10-14,,2,Closed
783,22,14441,NCR,Medium,2022-03-20,,23,Open
784,25,15057,Safety,High,2023-01-06,,15,Closed
785,17,13410,Safety,High,2023-03-05,,2,Open
786,4,10747,Safety,Medium,2023-09-18,,13,Closed
787,18,13572,RFI,High,2023-10-20,,12,Closed
788,11,12219,NCR,Low,2022-07-28,,7,Open
789,24,14973,RFI,Low,2023-06-17,,2,Open
790,15,13048,RFI,Low,2023-11-05,,0,Closed
791,21,14276,NCR,Medium,2022-04-26,,10,Open
792,26,15339,NCR,Medium,2023-11-21,,16,Closed
793,11,12291,Safety,Low,2022-07-23,,6,Closed
794,26,15198,Safety,Medium,2022-05-22,,0,Open
795,15,13032,RFI,High,2022-02-26,,16,Closed
796,27,15523,Safety,Low,2022-03-29,,5,Open
797,26,15274,RFI,Medium,2024-02-20,,9,Open
798,16,13275,Safety,High,2022-09-14,,17,Open
799,18,13587,RFI,Medium,2024-02-26,,14,Open
800,9,11869,Safety,High,2023-02-01,,6,Closed
801,22,14526,RFI,Medium,2023-04-27,,14,Closed
802,26,15314,RFI,Medium,2023-05-17,,12,Open
803,9,11772,NCR,Low,2023-09-15,,25,Closed
804,3,10562,NCR,Low,2023-07-16,,8,Open
805,4,10724,NCR,Low,2022-11-26,,1,Open
806,13,12617,RFI,High,2023-02-23,,15,Closed
807,3,10616,RFI,Medium,2022-07-05,,16,Closed
808,13,12737,RFI,Low,2023-08-10,,22,Closed
809,13,12702,NCR,High,2022-04-16,,24,Closed
810,1,10029,Safety,High,2023-12-02,,0,Closed
811,26,15265,Safety,Medium,2023-02-15,,12,Open
812,9,11727,RFI,Medium,2023-02-07,,23,Open
813,12,12355,RFI,Medium,2023-05-23,,11,Open
814,14,12782,RFI,Medium,2023-01-15,,5,Open
815,8,11671,Safety,High,2023-11-13,,8,Open
816,25,15031,NCR,Low,2024-01-03,,13,Open
817,16,13252,Safety,Low,2023-09-02,,24,Open
818,28,15626,Safety,Medium,2023-07-08,,18,Closed
819,24,14809,RFI,Low,2022-09-05,,16,Closed
820,17,13454,NCR,High,2023-05-05,,2,Closed
821,10,11931,Safety,High,2023-08-30,,1,Closed
822,5,10934,Safety,High,2023-08-31,,22,Open
823,10,11906,Safety,High,2023-02-07,,6,Open
824,17,13427,NCR,Medium,2022-06-25,,3,Open
825,4,10729,Safety,Medium,2023-08-10,,13,Open
826,1,10005,RFI,Medium,2023-09-14,,14,Closed
827,25,15183,RFI,High,2022-09-24,,0,Closed
828,4,10767,RFI,High,2022-08-24,,3,Closed
829,4,10723,RFI,Low,2022-11-17,,10,Open
830,28,15720,NCR,Low,2024-04-03,,24,Open
831,5,10992,NCR,High,2022-09-23,,13,Closed
832,3,10623,NCR,Medium,2023-02-05,,14,Open
833,18,13719,NCR,Low,2023-11-20,,24,Closed
834,6,11282,NCR,Medium,2023-06-04,,11,Closed
835,9,11819,NCR,Medium,2023-12-15,,21,Closed
836,18,13695,Safety,Medium,2022-08-22,,16,Closed
837,22,14513,Safety,Medium,2022-04-07,,25,Closed
838,26,15283,NCR,Low,2024-02-26,,4,Open
839,14,12778,NCR,High,2024-06-20,,17,Closed
840,28,15741,NCR,Medium,2023-07-15,,13,Open
841,1,10163,Safety,High,2024-05-09,,16,Closed
842,12,12484,Safety,High,2024-03-12,,24,Closed
843,14,12865,RFI,Medium,2024-09-06,,2,Open
844,17,13458,NCR,Low,2023-03-09,,16,Open
845,17,13461,RFI,High,2023-04-24,,25,Open
846,2,10359,RFI,Medium,2023-08-13,,17,Open
847,24,14968,RFI,Low,2023-09-03,,21,Open
848,11,12202,RFI,High,2023-12-07,,15,Closed
849,11,12205,NCR,Medium,2023-12-30,,22,Open
850,26,15331,RFI,Low,2023-10-20,,6,Open
851,26,15367,Safety,Medium,2022-10-03,,4,Open
852,11,12168,NCR,Medium,2024-02-01,,13,Closed
853,18,13630,Safety,Medium,2024-02-10,,14,Open
854,14,12879,Safety,High,2023-09-27,,25,Open
855,5,10893,NCR,Low,2023-08-19,,10,Closed
856,10,12121,RFI,Medium,2022-06-03,,13,Closed
857,19,13805,NCR,High,2022-11-26,,8,Open
858,7,11336,Safety,Low,2022-05-14,,11,Closed
859,13,12566,RFI,High,2023-03-09,,11,Closed
860,21,14247,RFI,Medium,2022-03-09,,19,Closed
861,6,11123,NCR,Medium,2024-03-10,,15,Open
862,5,10905,RFI,High,2023-03-11,,20,Closed
863,10,12078,RFI,Medium,2022-05-01,,5,Open
864,14,12925,RFI,Medium,2022-12-31,,8,Closed
865,10,11975,NCR,High,2023-05-05,,11,Closed
866,16,13195,Safety,Low,2022-09-27,,11,Open
867,21,14362,RFI,High,2022-10-24,,3,Open
868,6,11290,NCR,High,2024-04-01,,14,Closed
869,6,11138,RFI,High,2024-02-09,,14,Open
870,22,14446,RFI,Medium,2023-02-27,,6,Open
871,6,11229,Safety,Low,2023-08-28,,16,Closed
872,21,14239,RFI,High,2022-02-04,,18,Open
873,19,13837,Safety,Medium,2023-12-08,,0,Closed
874,10,12013,NCR,Medium,2023-07-27,,12,Closed
875,26,15288,NCR,Low,2022-05-27,,15,Open
876,10,12001,NCR,High,2023-11-08,,2,Closed
877,10,11910,RFI,High,2022-06-01,,17,Closed
878,23,14714,Safety,Medium,2022-09-14,,23,Open
879,7,11353,NCR,Medium,2022-12-31,,13,Open
880,7,11343,Safety,Low,2022-09-13,,13,Closed
881,23,14728,RFI,Medium,2023-01-01,,23,Open
882,4,10700,NCR,Medium,2022-08-24,,23,Closed
883,8,11499,NCR,High,2023-07-24,,7,Open
884,18,13649,RFI,Low,2023-10-17,,20,Closed
885,8,11498,Safety,Medium,2023-12-21,,20,Open
886,4,10826,RFI,Medium,2023-02-23,,19,Open
887,25,15019,NCR,Medium,2023-06-24,,6,Closed
888,12,12344,NCR,Low,2022-11-03,,0,Closed
889,5,10890,NCR,Low,2023-05-25,,6,Open
890,25,15044,NCR,Low,2022-06-16,,8,Closed
891,26,15221,Safety,Low,2023-09-27,,25,Closed
892,12,12424,Safety,Medium,2023-04-01,,6,Open
893,8,11565,RFI,Low,2022-11-07,,23,Closed
894,11,12269,RFI,Low,2022-05-05,,14,Open
895,7,11356,Safety,Medium,2022-07-08,,6,Open
896,16,13264,Safety,Medium,2022-12-01,,11,Open
897,18,13648,RFI,High,2023-04-15,,1,Closed
898,7,11374,Safety,Low,2023-02-12,,0,Open
899,4,10761,Safety,Medium,2023-03-31,,16,Closed
900,15,13022,NCR,Medium,2023-02-09,,14,Open
901,4,10771,RFI,Medium,2022-09-01,,24,Open
902,16,13124,NCR,Medium,2023-04-01,,9,Closed
903,8,11543,RFI,High,2023-03-03,,15,Open
904,10,11962,Safety,Low,2022-05-26,,0,Open
905,23,14630,NCR,High,2022-08-12,,13,Closed
906,8,11547,NCR,Medium,2022-11-09,,6,Closed
907,10,11902,RFI,Medium,2022-06-20,,21,Open
908,18,13536,RFI,High,2023-10-10,,24,Closed
909,8,11715,Safety,High,2022-07-05,,24,Open
910,10,12017,Safety,High,2023-08-25,,6,Open
911,16,13171,RFI,Low,2023-08-09,,23,Closed
912,5,10986,RFI,Medium,2023-08-21,,19,Open
913,27,15430,NCR,Medium,2023-03-09,,23,Closed
914,14,12780,RFI,Medium,2023-08-28,,4,Open
915,21,14273,RFI,Low,2023-03-23,,20,Closed
916,15,13095,Safety,Medium,2023-08-22,,6,Closed
917,6,11116,NCR,Low,2023-12-31,,19,Open
918,20,14159,Safety,High,2022-07-15,,17,Open
919,11,12124,NCR,Medium,2023-04-16,,7,Open
920,4,10681,RFI,Low,2023-02-13,,5,Open
921,8,11699,RFI,Medium,2023-02-15,,8,Closed
922,28,15690,Safety,Medium,2022-12-07,,2,Open
923,22,14549,NCR,Medium,2022-06-12,,19,Open
924,3,10508,RFI,Low,2023-08-05,,8,Closed
925,20,14059,Safety,High,2024-01-15,,2,Open
926,14,12894,NCR,Low,2022-12-25,,8,Closed
927,23,14681,RFI,Medium,2023-11-13,,12,Open
928,27,15532,NCR,Medium,2023-07-28,,1,Closed
929,25,15081,Safety,High,2023-06-29,,1,Closed
930,18,13581,Safety,Medium,2023-09-11,,2,Closed
931,13,12707,RFI,High,2023-03-30,,20,Open
932,2,10343,RFI,Low,2022-10-23,,18,Open
933,24,14915,NCR,High,2022-04-28,,10,Closed
934,11,12300,RFI,Medium,2022-11-22,,16,Open
935,22,14418,RFI,Medium,2022-10-29,,4,Closed
936,24,14829,Safety,Low,2022-09-19,,1,Open
937,23,14741,RFI,Low,2023-08-12,,11,Open
938,20,14095,Safety,Medium,2022-08-17,,5,Open
939,28,15621,Safety,High,2024-06-07,,1,Open
940,7,11441,RFI,High,2023-05-13,,14,Open
941,26,15270,RFI,High,2022-07-13,,19,Open
942,18,13620,NCR,High,2023-03-07,,22,Open
943,26,15257,NCR,Low,2023-11-12,,19,Open
944,25,15120,Safety,Medium,2022-07-29,,0,Closed
945,13,12542,Safety,High,2023-08-03,,5,Closed
946,14,12858,RFI,Medium,2023-08-06,,24,Closed
947,2,10228,RFI,High,2023-05-10,,12,Open
948,9,11783,Safety,Low,2023-08-11,,24,Closed
949,17,13499,NCR,Medium,2023-06-04,,7,Open
950,23,14739,NCR,Medium,2023-08-25,,20,Open
951,8,11662,Safety,High,2024-01-15,,20,Closed
952,10,12070,NCR,High,2022-06-11,,9,Closed
953,6,11087,Safety,Low,2022-03-10,,14,Closed
954,4,10743,Safety,High,2023-01-28,,13,Open
955,28,15616,NCR,Medium,2023-06-13,,23,Closed
956,1,10164,NCR,Low,2024-03-07,,25,Open
957,28,15668,Safety,Medium,2024-01-27,,13,Open
958,14,12762,NCR,Low,2023-04-17,,12,Open
959,10,12014,Safety,Low,2022-06-04,,17,Closed
960,24,14807,RFI,Low,2024-02-06,,17,Closed
961,26,15301,RFI,Medium,2023-05-26,,15,Open
962,24,14947,NCR,Medium,2023-11-02,,13,Closed
963,19,13810,Safety,Low,2022-05-01,,0,Open
964,23,14650,NCR,High,2022-08-20,,2,Closed
965,2,10378,RFI,Medium,2022-09-28,,13,Open
966,23,14594,NCR,Low,2022-07-05,,14,Open
967,26,15382,NCR,High,2024-03-03,,16,Closed
968,22,14540,NCR,Low,2023-03-12,,14,Open
969,10,12023,NCR,Medium,2023-10-27,,16,Closed
970,12,12495,RFI,High,2022-12-13,,0,Open
971,13,12731,RFI,Medium,2023-10-02,,21,Closed
972,19,13793,Safety,Medium,2024-04-16,,20,Closed
973,7,11309,Safety,High,2023-08-13,,5,Open
974,16,13224,NCR,Low,2023-08-27,,3,Closed
975,3,10428,NCR,Low,2023-01-03,,11,Open
976,26,15248,RFI,High,2022-01-26,,9,Closed
977,16,13197,Safety,Medium,2023-01-19,,0,Open
978,25,15110,Safety,Medium,2022-02-10,,5,Open
979,26,15210,Safety,Low,2022-11-16,,22,Open
980,3,10450,NCR,Medium,2023-02-05,,23,Closed
981,13,12554,NCR,Low,2022-05-15,,9,Closed
982,24,14935,RFI,Low,2023-12-20,,3,Open
983,16,13156,NCR,Medium,2022-06-09,,21,Closed
984,8,11611,RFI,Medium,2022-10-16,,24,Closed
985,28,15676,RFI,Low,2023-01-12,,24,Open
986,4,10799,NCR,Medium,2023-03-08,,5,Closed
987,15,13031,RFI,High,2023-10-04,,19,Open
988,2,10314,Safety,Low,2023-04-10,,24,Closed
989,18,13670,RFI,High,2022-07-13,,4,Closed
990,19,13960,RFI,High,2022-08-04,,1,Open
991,2,10370,RFI,Low,2023-03-14,,9,Closed
992,16,13300,Safety,Low,2022-07-14,,24,Closed
993,22,14478,RFI,Medium,2023-03-15,,21,Closed
994,26,15324,RFI,Medium,2023-12-29,,0,Closed
995,17,13497,Safety,Medium,2022-06-23,,9,Closed
996,4,10665,RFI,Medium,2022-08-12,,13,Open
997,6,11176,NCR,High,2023-08-18,,19,Open
998,25,15134,RFI,Low,2022-02-16,,10,Open
999,17,13399,RFI,High,2023-06-08,,12,Open
1000,20,14108,NCR,Low,2024-05-20,,10,Closed
1001,21,14285,RFI,Low,2022-07-15,,21,Closed
1002,9,11767,RFI,Medium,2024-03-11,,1,Open
1003,1,10189,NCR,Low,2024-01-12,,15,Open
1004,17,13472,Safety,High,2023-01-10,,3,Closed
1005,25,15010,NCR,Medium,2022-03-06,,9,Closed
1006,24,14965,RFI,Low,2022-05-10,,9,Closed
1007,18,13674,Safety,High,2024-05-28,,1,Closed
1008,21,14363,Safety,High,2023-02-10,,13,Open
1009,16,13149,NCR,Medium,2023-05-19,,6,Open
1010,4,10679,RFI,Low,2023-08-08,,18,Closed
1011,13,12701,Safety,High,2022-07-25,,3,Closed
1012,1,10127,Safety,Medium,2023-10-10,,25,Closed
1013,8,11586,RFI,Medium,2022-11-17,,14,Open
1014,12,12468,NCR,Low,2023-07-14,,1,Closed
1015,26,15393,RFI,Medium,2022-02-27,,8,Open
1016,20,14139,NCR,Medium,2024-04-23,,12,Closed
1017,7,11321,RFI,High,2023-12-01,,8,Closed
1018,28,15711,NCR,High,2023-01-10,,10,Closed
1019,10,12056,RFI,High,2022-07-13,,4,Closed
1020,12,12367,Safety,High,2024-04-22,,18,Open
1021,17,13354,NCR,Medium,2023-04-22,,8,Closed
1022,23,14628,RFI,High,2023-07-05,,21,Closed
1023,12,12411,Safety,Low,2024-05-26,,11,Closed
1024,7,11458,Safety,Low,2023-04-23,,15,Closed
1025,2,10371,Safety,Low,2022-12-20,,12,Closed
1026,2,10286,RFI,Low,2022-05-22,,24,Closed
1027,1,10096,NCR,Low,2022-12-29,,16,Closed
1028,14,12754,RFI,Low,2023-04-05,,1,Open
1029,7,11342,NCR,Low,2023-08-27,,5,Open
1030,17,13391,NCR,Low,2022-06-08,,25,Closed
1031,6,11128,RFI,Medium,2024-04-07,,22,Closed
1032,1,10172,Safety,High,2022-11-27,,15,Closed
1033,9,11755,RFI,Low,2022-03-22,,22,Open
1034,6,11079,NCR,Low,2024-04-12,,21,Closed
1035,5,11004,NCR,High,2023-09-03,,14,Closed
1036,11,12334,Safety,Low,2023-08-13,,4,Open
1037,25,15138,NCR,Low,2023-12-22,,24,Open
1038,6,11091,RFI,Low,2022-05-01,,8,Closed
1039,16,13193,NCR,Medium,2022-11-22,,11,Open
1040,11,12223,NCR,Medium,2023-03-06,,19,Closed
1041,2,10251,NCR,Low,2023-01-26,,5,Closed
1042,20,14011,RFI,Low,2022-12-13,,20,Open
1043,14,12897,NCR,High,2023-08-13,,8,Closed
1044,26,15292,Safety,Low,2022-04-28,,15,Open
1045,1,10049,RFI,High,2023-04-29,,9,Closed
1046,1,10112,NCR,High,2023-08-01,,14,Closed
1047,21,14190,RFI,High,2022-04-30,,16,Closed
1048,5,10951,RFI,High,2023-07-25,,23,Closed
1049,1,10194,RFI,Low,2023-05-25,,16,Closed
1050,11,12274,RFI,Low,2022-07-26,,23,Closed
1051,3,10613,RFI,Medium,2022-09-13,,21,Open
1052,28,15614,RFI,High,2023-03-25,,2,Open
1053,12,12418,RFI,Low,2024-01-09,,1,Open
1054,1,10153,Safety,Medium,2022-07-18,,14,Open
1055,1,10110,RFI,High,2023-05-16,,14,Open
1056,25,15159,RFI,High,2022-12-19,,20,Closed
1057,4,10673,Safety,Low,2022-06-30,,23,Closed
1058,10,12114,RFI,High,2022-09-04,,9,Open
1059,8,11708,Safety,Low,2022-08-06,,16,Closed
1060,27,15458,NCR,Medium,2022-11-22,,23,Open
1061,27,15572,NCR,High,2023-02-23,,9,Open
1062,10,12109,NCR,Low,2022-12-26,,19,Closed
1063,19,13845,Safety,High,2023-12-19,,8,Open
1064,11,12144,Safety,Low,2023-02-24,,7,Open
1065,7,11421,NCR,High,2023-01-03,,25,Open
1066,26,15231,RFI,Low,2022-07-16,,7,Closed
1067,21,14364,RFI,Low,2022-03-02,,4,Open
1068,6,11190,NCR,Low,2022-02-23,,8,Closed
1069,8,11674,Safety,High,2023-10-25,,25,Open
1070,19,13804,Safety,High,2023-04-02,,8,Open
1071,11,12220,Safety,High,2022-10-26,,2,Closed
1072,24,14946,RFI,High,2022-05-02,,5,Closed
1073,15,13034,NCR,High,2022-10-25,,3,Open
1074,16,13250,Safety,High,2023-04-12,,7,Closed
1075,6,11247,RFI,Low,2024-01-18,,8,Closed
1076,16,13237,Safety,Medium,2022-10-14,,5,Closed
1077,5,10883,RFI,Low,2023-10-10,,24,Closed
1078,25,15083,NCR,High,2023-11-16,,11,Open
1079,3,10568,Safety,Low,2022-09-27,,16,Open
1080,13,12555,RFI,Low,2023-04-15,,15,Open
1081,9,11858,NCR,Low,2023-06-02,,25,Closed
1082,27,15429,RFI,High,2023-04-19,,3,Open
1083,23,14718,NCR,Low,2023-03-05,,17,Open
1084,17,13388,NCR,Medium,2023-02-02,,16,Closed
1085,2,10316,NCR,Medium,2023-09-19,,15,Open
1086,12,12514,Safety,High,2024-04-20,,24,Open
1087,6,11114,Safety,Medium,2023-03-06,,18,Open
1088,20,14098,NCR,Medium,2024-04-13,,19,Closed
1089,26,15379,RFI,High,2022-08-02,,11,Open
1090,19,13907,Safety,Low,2023-10-12,,8,Closed
1091,6,11264,Safety,Low,2023-06-17,,5,Open
1092,6,11245,Safety,Low,2023-02-17,,18,Open
1093,7,11395,Safety,High,2023-08-19,,10,Closed
1094,6,11236,RFI,Low,2022-09-04,,14,Closed
1095,22,14555,Safety,High,2022-08-30,,1,Closed
1096,16,13257,RFI,Low,2022-09-28,,21,Open
1097,28,15643,Safety,High,2022-07-23,,2,Closed
1098,11,12308,NCR,Medium,2024-02-06,,22,Open
1099,8,11701,NCR,High,2023-09-28,,12,Open
1100,15,13007,RFI,High,2023-04-22,,22,Open
1101,11,12173,NCR,Low,2023-05-22,,5,Closed
1102,12,12374,RFI,High,2024-03-29,,11,Open
1103,20,13970,NCR,Medium,2023-10-20,,7,Closed
1104,5,10930,NCR,Medium,2023-11-20,,7,Closed
1105,4,10749,NCR,Low,2023-04-10,,10,Closed
1106,20,14049,RFI,Medium,2022-12-11,,20,Closed
1107,25,15121,NCR,Medium,2023-07-31,,23,Open
1108,18,13667,NCR,High,2023-03-22,,0,Open
1109,18,13665,Safety,Low,2022-09-15,,24,Open
1110,5,11058,Safety,Low,2022-06-18,,14,Open
1111,19,13945,RFI,Medium,2022-08-11,,20,Closed
1112,24,14925,NCR,Medium,2022-03-07,,17,Closed
1113,13,12610,NCR,High,2022-06-02,,24,Open
1114,22,14449,RFI,High,2022-02-24,,25,Open
1115,2,10230,Safety,Medium,2022-09-12,,6,Closed
1116,17,13474,RFI,Low,2023-05-15,,10,Closed
1117,21,14296,RFI,Low,2023-07-20,,5,Closed
1118,20,14083,Safety,Low,2022-10-19,,14,Closed
1119,14,12756,Safety,Low,2023-08-04,,8,Open
1120,9,11875,Safety,Medium,2023-02-14,,17,Closed
1121,16,13285,RFI,Medium,2023-05-05,,2,Open
1122,20,14014,RFI,Low,2023-08-10,,12,Closed
1123,13,12681,RFI,Medium,2023-04-07,,3,Open
1124,17,13448,RFI,High,2023-02-23,,22,Closed
1125,16,13183,RFI,Medium,2022-06-20,,2,Closed
1126,3,10595,NCR,High,2023-02-13,,8,Open
1127,9,11876,NCR,High,2022-12-29,,1,Open
1128,11,12174,RFI,High,2022-05-07,,22,Open
1129,8,11630,NCR,Low,2023-05-22,,0,Open
1130,25,14986,NCR,High,2022-12-20,,5,Closed
1131,6,11277,Safety,Medium,2023-06-20,,10,Closed
1132,24,14855,RFI,High,2022-06-04,,16,Open
1133,23,14742,NCR,Medium,2022-08-12,,17,Open
1134,8,11676,RFI,Low,2023-11-18,,25,Open
1135,17,13447,Safety,High,2022-11-18,,5,Closed
1136,4,10800,Safety,Low,2023-08-21,,15,Open
1137,9,11864,RFI,High,2023-09-26,,11,Open
1138,6,11147,Safety,High,2022-02-27,,13,Open
1139,4,10732,NCR,Medium,2023-04-05,,4,Open
1140,18,13627,RFI,Medium,2023-08-27,,3,Open
1141,15,13076,Safety,Medium,2022-07-04,,11,Open
1142,10,12016,Safety,High,2022-09-09,,0,Open
1143,15,13020,RFI,Medium,2022-03-10,,23,Open
1144,6,11130,NCR,High,2023-05-04,,6,Closed
1145,17,13453,Safety,High,2022-08-03,,16,Closed
1146,6,11179,Safety,High,2023-12-14,,2,Closed
1147,13,12632,RFI,Medium,2023-02-23,,8,Closed
1148,15,12943,RFI,Medium,2023-03-30,,19,Open
1149,12,12414,Safety,Medium,2024-03-15,,18,Closed
1150,1,10181,NCR,Low,2022-09-15,,12,Closed
1151,1,10025,Safety,Low,2022-04-15,,10,Open
1152,23,14579,NCR,High,2022-12-23,,12,Closed
1153,6,11183,RFI,High,2024-03-17,,5,Open
1154,11,12186,Safety,Low,2022-06-10,,24,Open
1155,14,12929,Safety,Low,2023-07-10,,4,Closed
1156,3,10432,RFI,Low,2024-04-24,,1,Open
1157,8,11709,NCR,Medium,2023-02-20,,24,Open
1158,3,10570,RFI,High,2024-03-24,,12,Closed
1159,17,13436,NCR,High,2023-05-01,,10,Closed
1160,12,12452,Safety,Low,2022-10-22,,16,Closed
1161,14,12854,NCR,Low,2022-11-20,,11,Open
1162,15,13114,NCR,Low,2023-12-17,,22,Closed
1163,28,15731,NCR,High,2023-07-10,,9,Open
1164,19,13748,Safety,High,2023-04-12,,9,Closed
1165,23,14694,RFI,High,2022-11-05,,23,Open
1166,25,15056,Safety,Low,2022-10-01,,13,Open
1167,10,12039,NCR,Low,2022-06-05,,1,Closed
1168,27,15452,RFI,High,2022-11-04,,17,Closed
1169,10,11986,Safety,Low,2023-07-02,,2,Closed
1170,21,14263,NCR,Low,2022-09-21,,25,Open
1171,22,14417,Safety,Medium,2022-02-14,,14,Open
1172,7,11330,Safety,High,2023-12-11,,9,Open
1173,1,10133,Safety,Low,2023-09-14,,17,Closed
1174,6,11284,NCR,Medium,2023-12-13,,4,Closed
1175,26,15306,NCR,Low,2023-04-08,,12,Closed
1176,8,11515,Safety,High,2023-06-14,,15,Closed
1177,20,14106,Safety,High,2024-06-29,,1,Open
1178,27,15515,NCR,Low,2022-12-08,,5,Closed
1179,6,11097,Safety,Low,2022-09-03,,11,Closed
1180,16,13307,Safety,Medium,2023-04-10,,4,Open
1181,25,15158,Safety,High,2022-07-03,,17,Open
1182,10,12044,NCR,Low,2022-12-27,,19,Open
1183,28,15617,NCR,Medium,2023-11-19,,23,Open
1184,13,12537,Safety,High,2022-06-09,,11,Closed
1185,27,15517,RFI,Medium,2023-01-18,,24,Open
1186,15,13041,RFI,Low,2023-01-29,,22,Closed
1187,3,10427,Safety,High,2022-08-28,,24,Closed
1188,20,14147,NCR,Low,2023-02-04,,5,Open
1189,14,12811,RFI,High,2023-12-16,,7,Closed
1190,18,13664,Safety,Low,2024-01-22,,8,Open
1191,22,14546,RFI,High,2022-12-14,,4,Closed
1192,18,13611,Safety,High,2023-03-03,,9,Closed
1193,8,11524,RFI,High,2023-04-05,,11,Open
1194,20,14047,Safety,Medium,2024-01-26,,25,Closed
1195,13,12606,NCR,Low,2022-06-09,,5,Open
1196,4,10842,Safety,Medium,2023-01-22,,19,Open
1197,23,14692,RFI,Low,2022-12-19,,7,Open
1198,17,13398,RFI,Medium,2022-03-30,,14,Closed
1199,8,11539,Safety,High,2023-09-09,,7,Open
1200,1,10132,RFI,Low,2022-04-24,,14,Open
1201,6,11164,RFI,Low,2022-11-04,,5,Closed
1202,6,11273,NCR,Low,2022-09-30,,15,Closed
1203,2,10246,RFI,High,2022-08-23,,4,Closed
1204,23,14700,RFI,Medium,2023-03-08,,4,Closed
1205,13,12712,RFI,High,2022-09-11,,9,Open
1206,19,13867,NCR,High,2022-06-01,,24,Open
1207,11,12126,NCR,High,2023-12-06,,11,Closed
1208,28,15712,Safety,Medium,2023-10-23,,8,Closed
1209,11,12272,NCR,Medium,2023-02-11,,8,Open
1210,28,15672,RFI,High,2022-12-11,,10,Closed
1211,13,12630,NCR,Low,2022-08-11,,3,Closed
1212,6,11168,NCR,Low,2024-01-24,,2,Open
1213,6,11228,RFI,High,2023-02-21,,20,Open
1214,18,13554,RFI,Medium,2023-11-20,,14,Open
1215,14,12821,NCR,Medium,2023-08-23,,1,Closed
1216,1,10119,Safety,Medium,2023-03-04,,24,Closed
1217,9,11758,RFI,Medium,2024-02-11,,0,Open
1218,11,12209,RFI,Low,2022-12-09,,13,Closed
1219,1,10090,Safety,Medium,2022-10-19,,22,Closed
1220,18,13644,Safety,Low,2024-06-12,,11,Closed
1221,10,12058,NCR,Low,2023-06-14,,25,Closed
1222,24,14944,Safety,Medium,2022-04-09,,22,Open
1223,7,11436,Safety,High,2023-02-04,,18,Open
1224,3,10589,Safety,Low,2022-10-12,,7,Closed
1225,26,15205,Safety,High,2022-07-15,,13,Closed
1226,15,12949,RFI,High,2023-04-30,,13,Open
1227,23,14586,NCR,High,2023-02-03,,3,Open
1228,6,11107,RFI,High,2022-09-23,,11,Open
1229,24,14789,Safety,Medium,2022-05-26,,18,Closed
1230,4,10682,Safety,High,2023-01-01,,23,Closed
1231,4,10709,Safety,Medium,2022-08-29,,12,Closed
1232,19,13782,NCR,Low,2022-12-06,,16,Closed
1233,9,11808,Safety,Low,2023-10-20,,10,Closed
1234,13,12685,NCR,High,2022-07-01,,24,Open
1235,3,10413,RFI,Low,2023-05-28,,16,Open
1236,28,15629,Safety,High,2023-07-22,,6,Closed
1237,8,11719,Safety,Low,2023-04-29,,10,Open
1238,7,11435,Safety,Low,2024-01-09,,22,Open
1239,5,10978,RFI,High,2023-05-13,,3,Closed
1240,24,14870,Safety,High,2022-09-06,,7,Closed
1241,19,13836,NCR,Low,2023-01-08,,13,Open
1242,24,14899,NCR,Low,2023-12-22,,3,Open
1243,28,15701,Safety,High,2023-09-18,,18,Open
1244,13,12588,NCR,Low,2023-02-22,,11,Closed
1245,16,13232,Safety,Low,2022-11-22,,24,Open
1246,7,11465,Safety,Low,2022-12-27,,4,Closed
1247,22,14394,NCR,Medium,2022-05-13,,4,Closed
1248,11,12332,NCR,Low,2023-11-19,,18,Closed
1249,11,12319,RFI,Low,2023-01-02,,18,Open
1250,28,15603,RFI,Medium,2023-04-08,,1,Closed
1251,8,11700,NCR,Medium,2024-02-07,,17,Open
1252,10,12022,RFI,Medium,2022-12-25,,25,Open
1253,27,15524,RFI,High,2023-02-15,,11,Closed
1254,2,10357,Safety,Low,2023-08-22,,5,Open
1255,16,13144,RFI,High,2022-06-20,,24,Closed
1256,10,12055,NCR,Medium,2023-12-04,,12,Open
1257,12,12433,RFI,Medium,2024-02-19,,25,Open
1258,28,15661,Safety,High,2023-12-08,,7,Open
1259,26,15360,Safety,Low,2022-06-20,,17,Closed
1260,13,12652,Safety,High,2022-09-15,,11,Open
1261,13,12545,NCR,Low,2022-05-15,,11,Open
1262,23,14750,RFI,High,2024-01-30,,20,Open
1263,9,11770,Safety,Low,2024-02-22,,3,Open
1264,12,12361,RFI,High,2022-07-20,,8,Closed
1265,2,10400,Safety,Medium,2023-09-24,,8,Open
1266,3,10639,RFI,High,2023-11-06,,21,Open
1267,8,11558,RFI,Medium,2022-09-14,,19,Open
1268,27,15449,RFI,Medium,2023-04-04,,11,Open
1269,19,13958,NCR,Low,2023-03-21,,25,Open
1270,6,11262,Safety,High,2023-10-10,,21,Closed
1271,19,13859,Safety,High,2022-07-04,,11,Closed
1272,22,14411,NCR,High,2022-03-25,,24,Closed
1273,11,12324,Safety,Low,2022-04-27,,1,Open
1274,5,10918,NCR,Medium,2023-01-07,,3,Open
1275,22,14396,Safety,Medium,2023-03-23,,14,Open
1276,13,12605,NCR,High,2023-09-02,,12,Closed
1277,11,12142,RFI,High,2023-07-12,,17,Closed
1278,6,11144,NCR,High,2022-08-22,,13,Open
1279,5,10888,NCR,Low,2023-08-05,,6,Closed
1280,27,15521,RFI,Medium,2023-03-09,,24,Open
1281,1,10007,Safety,High,2023-06-24,,10,Open
1282,22,14500,RFI,Low,2022-09-04,,2,Open
1283,8,11500,NCR,Medium,2022-12-01,,17,Closed
1284,2,10268,RFI,High,2023-07-16,,18,Closed
1285,13,12615,RFI,High,2022-08-03,,7,Open
1286,25,15163,RFI,Medium,2023-07-31,,0,Closed
1287,12,12432,NCR,Medium,2023-03-10,,10,Open
1288,10,12083,RFI,Medium,2023-01-21,,19,Open
1289,10,12035,Safety,High,2023-10-15,,1,Open
1290,3,10572,NCR,High,2023-01-05,,21,Open
1291,24,14943,RFI,Low,2023-01-29,,11,Open
1292,18,13689,NCR,High,2023-10-06,,6,Closed
1293,18,13629,Safety,Medium,2023-03-04,,11,Closed
1294,22,14487,Safety,Low,2022-10-17,,0,Open
1295,8,11584,Safety,Medium,2022-08-23,,15,Open
1296,3,10518,RFI,High,2023-10-30,,20,Open
1297,4,10787,NCR,Medium,2023-10-11,,16,Open
1298,20,14039,NCR,Low,2023-09-13,,13,Closed
1299,18,13672,NCR,High,2023-10-01,,12,Closed
1300,27,15435,RFI,High,2022-09-09,,16,Closed
1301,7,11443,RFI,Medium,2024-01-11,,15,Closed
1302,22,14386,NCR,High,2022-06-12,,10,Open
1303,25,15073,Safety,Medium,2022-07-21,,2,Closed
1304,1,10052,Safety,Medium,2023-03-29,,11,Open
1305,16,13136,Safety,High,2023-07-21,,23,Closed
1306,8,11603,RFI,High,2023-02-13,,13,Closed
1307,23,14675,RFI,Medium,2023-06-21,,18,Open
1308,3,10512,NCR,Medium,2023-11-07,,20,Closed
1309,9,11877,Safety,Medium,2022-11-28,,15,Open
1310,19,13871,RFI,High,2024-02-18,,16,Closed
1311,28,15678,RFI,High,2023-09-10,,19,Closed
1312,4,10675,Safety,Medium,2022-11-03,,12,Closed
1313,15,12979,Safety,High,2022-04-12,,10,Closed
1314,16,13166,RFI,Medium,2023-02-14,,15,Closed
1315,4,10651,Safety,High,2023-02-02,,14,Closed
1316,12,12502,Safety,Medium,2023-04-16,,2,Open
1317,1,10213,RFI,High,2023-10-16,,11,Closed
1318,15,13025,RFI,High,2023-05-18,,12,Open
1319,13,12736,RFI,Low,2023-10-05,,0,Open
1320,22,14379,RFI,High,2022-04-26,,1,Closed
1321,25,15045,NCR,High,2022-09-06,,10,Closed
1322,1,10061,RFI,Medium,2022-08-01,,3,Open
1323,15,13118,NCR,High,2022-03-09,,6,Open
1324,16,13280,RFI,High,2023-07-12,,7,Closed
1325,18,13539,NCR,Low,2024-06-10,,8,Open
1326,3,10492,RFI,Medium,2023-11-27,,18,Closed
1327,2,10397,NCR,Low,2023-10-12,,23,Closed
1328,2,10279,Safety,Low,2023-04-16,,7,Open
1329,12,12504,RFI,High,2023-11-09,,6,Open
1330,16,13332,Safety,Medium,2022-06-19,,3,Open
1331,21,14349,RFI,High,2022-02-10,,3,Open
1332,14,12866,NCR,Low,2024-05-30,,20,Open
1333,3,10423,RFI,Low,2023-08-27,,17,Open
1334,5,11061,NCR,Low,2023-02-19,,25,Open
1335,4,10662,RFI,Low,2023-04-24,,20,Open
1336,8,11666,RFI,Medium,2023-06-03,,8,Closed
1337,15,12942,RFI,Low,2022-05-31,,7,Closed
1338,17,13415,RFI,Medium,2022-09-10,,15,Open
1339,19,13824,Safety,High,2022-03-28,,3,Open
1340,1,10063,RFI,Medium,2022-08-21,,24,Open
1341,12,12422,NCR,Medium,2024-05-25,,7,Open
1342,3,10610,NCR,High,2024-06-04,,19,Open
1343,7,11484,Safety,High,2022-09-04,,3,Closed
1344,22,14402,Safety,Medium,2023-06-27,,22,Closed
1345,11,12159,RFI,High,2023-09-25,,0,Open
1346,8,11635,NCR,Medium,2023-04-20,,21,Closed
1347,5,11047,Safety,Medium,2022-10-30,,2,Open
1348,4,10824,RFI,Low,2023-02-03,,17,Closed
1349,25,15170,NCR,Low,2023-09-26,,3,Closed
1350,9,11747,Safety,Medium,2023-02-07,,3,Open
1351,4,10696,NCR,Low,2023-06-02,,8,Open
1352,6,11272,Safety,Low,2022-09-30,,6,Open
1353,15,13062,Safety,Medium,2023-03-17,,13,Closed
1354,19,13739,Safety,Medium,2022-08-23,,10,Closed
1355,1,10187,NCR,Medium,2024-01-24,,10,Open
1356,18,13675,NCR,Medium,2023-02-17,,1,Open
1357,13,12715,Safety,High,2023-01-11,,3,Open
1358,3,10547,NCR,Low,2023-02-06,,20,Open
1359,3,10636,Safety,High,2023-10-05,,24,Closed
1360,24,14811,RFI,Low,2024-02-21,,17,Closed
1361,4,10688,Safety,High,2023-01-10,,23,Open
1362,7,11431,RFI,Low,2023-04-19,,23,Open
1363,24,14955,RFI,Medium,2023-02-25,,13,Closed
1364,22,14504,NCR,High,2022-11-16,,16,Open
1365,4,10768,RFI,High,2023-03-16,,14,Closed
1366,26,15298,NCR,High,2024-01-13,,17,Open
1367,2,10256,RFI,Medium,2023-04-18,,17,Open
1368,12,12384,NCR,Low,2024-04-14,,5,Open
1369,23,14658,NCR,Medium,2023-03-18,,4,Open
1370,8,11633,NCR,High,2022-12-13,,1,Open
1371,21,14372,NCR,Medium,2022-09-08,,23,Open
1372,5,10952,Safety,Medium,2023-02-08,,8,Open
1373,11,12277,NCR,High,2023-06-10,,9,Closed
1374,22,14528,Safety,Low,2022-07-20,,15,Closed
1375,5,11013,Safety,High,2023-07-17,,15,Closed
1376,8,11716,Safety,Low,2023-08-29,,0,Closed
1377,18,13569,Safety,High,2022-09-18,,6,Closed
1378,10,12100,NCR,High,2023-12-04,,17,Open
1379,16,13306,RFI,Low,2022-07-08,,3,Open
1380,13,12623,NCR,Medium,2023-08-07,,4,Closed
1381,18,13684,NCR,Medium,2023-02-18,,1,Open
1382,2,10361,NCR,Low,2024-01-28,,1,Open
1383,5,11062,Safety,Medium,2023-09-13,,25,Closed
1384,8,11649,Safety,High,2023-07-17,,4,Closed
1385,27,15526,Safety,Medium,2022-04-22,,0,Closed
1386,3,10585,RFI,Low,2024-01-02,,24,Open
1387,26,15300,RFI,Low,2023-07-04,,23,Closed
1388,13,12573,RFI,Low,2022-11-12,,7,Closed
1389,17,13471,Safety,Low,2022-02-17,,19,Closed
1390,9,11791,RFI,Low,2024-02-27,,4,Open
1391,23,14598,NCR,Low,2023-12-11,,15,Closed
1392,2,10379,Safety,High,2023-04-09,,12,Closed
1393,4,10668,Safety,Low,2022-08-30,,11,Open
1394,15,13021,NCR,Medium,2023-01-20,,23,Closed
1395,15,13037,RFI,Medium,2023-07-28,,7,Open
1396,24,14907,RFI,High,2023-07-24,,24,Open
1397,13,12586,RFI,High,2023-01-09,,15,Closed
1398,20,14069,Safety,Medium,2023-09-20,,24,Open
1399,18,13729,Safety,Low,2022-07-03,,22,Closed
1400,6,11153,Safety,Low,2023-07-20,,0,Closed
1401,20,14167,Safety,Medium,2024-04-15,,23,Open
1402,22,14483,NCR,Medium,2022-11-21,,4,Closed
1403,3,10424,NCR,High,2024-01-25,,19,Closed
1404,1,10140,RFI,Medium,2022-11-15,,22,Closed
1405,10,11901,Safety,Low,2023-03-04,,15,Open
1406,3,10415,Safety,High,2022-06-03,,24,Open
1407,10,12051,NCR,Medium,2022-11-09,,3,Closed
1408,8,11538,Safety,Medium,2024-02-27,,13,Open
1409,9,11796,RFI,Medium,2023-04-22,,18,Closed
1410,12,12406,Safety,High,2023-01-15,,4,Open
1411,25,15072,Safety,Medium,2023-01-17,,4,Closed
1412,27,15454,RFI,High,2022-07-11,,15,Closed
1413,21,14355,Safety,High,2022-05-04,,3,Open
1414,25,15106,RFI,Medium,2022-04-04,,12,Open
1415,16,13200,RFI,Medium,2023-06-03,,8,Closed
1416,9,11741,RFI,Low,2022-05-15,,9,Closed
1417,22,14414,Safety,High,2022-10-21,,8,Closed
1418,16,13227,RFI,Medium,2023-05-13,,17,Open
1419,3,10461,RFI,Medium,2022-07-09,,21,Closed
1420,1,10157,Safety,Low,2023-03-20,,25,Open
1421,22,14514,NCR,High,2022-10-31,,5,Closed
1422,26,15211,NCR,High,2022-03-29,,16,Closed
1423,19,13830,Safety,High,2022-10-15,,0,Open
1424,3,10530,Safety,High,2022-09-13,,11,Open
1425,3,10493,NCR,High,2023-07-07,,1,Open
1426,13,12692,Safety,High,2023-02-26,,1,Closed
1427,28,15625,Safety,Low,2022-12-30,,15,Open
1428,12,12499,NCR,Low,2024-03-17,,17,Open
1429,4,10722,RFI,Medium,2022-08-11,,13,Closed
1430,8,11592,Safety,High,2023-11-17,,25,Open
1431,6,11125,Safety,Medium,2023-06-18,,24,Closed
1432,1,10088,Safety,Low,2023-06-12,,10,Closed
1433,20,14060,RFI,Low,2023-11-12,,8,Open
1434,24,14853,NCR,Low,2023-01-21,,14,Closed
1435,5,10941,Safety,Low,2022-10-02,,15,Closed
1436,12,12388,RFI,Low,2022-07-03,,19,Open
1437,20,14020,NCR,Medium,2024-05-31,,19,Closed
1438,8,11525,RFI,Low,2023-12-27,,4,Closed
1439,3,10514,Safety,Medium,2023-07-29,,25,Closed
1440,28,15735,NCR,Low,2023-07-17,,4,Closed
1441,8,11626,RFI,High,2022-11-25,,24,Open
1442,4,10669,NCR,Medium,2022-10-01,,16,Open
1443,4,10645,NCR,Medium,2022-10-13,,1,Closed
1444,13,12567,RFI,High,2022-03-25,,21,Closed
1445,1,10215,RFI,Medium,2023-07-26,,10,Closed
1446,19,13910,RFI,Low,2023-02-06,,25,Open
1447,17,13452,Safety,High,2022-04-05,,21,Open
1448,6,11298,Safety,Medium,2022-11-23,,9,Closed
1449,27,15545,Safety,Low,2022-12-15,,11,Closed
1450,9,11859,RFI,Medium,2024-04-08,,17,Closed
1451,28,15673,Safety,High,2022-12-19,,22,Closed
1452,13,12611,RFI,High,2023-01-09,,18,Closed
1453,17,13468,NCR,Low,2022-04-14,,20,Closed
1454,28,15739,NCR,Medium,2024-05-20,,23,Open
1455,1,10076,Safety,Low,2022-07-01,,11,Closed
1456,9,11766,RFI,Medium,2022-08-20,,7,Open
1457,24,14957,Safety,Low,2022-10-28,,17,Open
1458,15,13084,RFI,Low,2023-06-02,,23,Closed
1459,7,11382,RFI,Low,2022-06-29,,0,Closed
1460,21,14316,Safety,Medium,2022-05-16,,9,Closed
1461,13,12718,Safety,Low,2022-08-10,,15,Open
1462,25,14979,Safety,Medium,2022-02-15,,0,Closed
1463,23,14720,RFI,High,2023-07-25,,10,Closed
1464,26,15234,NCR,Medium,2023-02-19,,2,Closed
1465,24,14782,RFI,Medium,2023-09-11,,22,Open
1466,8,11648,RFI,Low,2023-03-19,,22,Closed
1467,21,14270,RFI,Low,2023-06-23,,4,Closed
1468,6,11258,NCR,High,2022-12-11,,18,Closed
1469,19,13883,NCR,Low,2023-09-06,,9,Closed
1470,14,12781,Safety,Low,2022-08-10,,14,Closed
1471,15,12971,Safety,High,2023-04-26,,11,Open
1472,10,11985,NCR,Low,2023-08-21,,2,Closed
1473,27,15447,RFI,High,2022-08-26,,10,Open
1474,23,14746,RFI,Medium,2023-12-21,,13,Open
1475,26,15378,RFI,High,2022-08-25,,3,Closed
1476,20,14007,NCR,High,2024-08-04,,11,Open
1477,5,10910,RFI,Low,2023-03-11,,6,Open
1478,21,14226,RFI,Low,2023-07-19,,22,Closed
1479,25,15122,NCR,Medium,2022-04-29,,13,Open
1480,23,14618,Safety,Low,2023-11-28,,18,Open
1481,9,11821,NCR,Low,2022-01-23,,3,Open
1482,28,15658,Safety,Low,2022-10-02,,14,Closed
1483,14,12844,NCR,Medium,2023-04-30,,17,Open
1484,22,14437,NCR,Low,2022-10-28,,15,Open
1485,6,11126,NCR,Medium,2022-09-28,,0,Open
1486,18,13553,Safety,Low,2023-06-08,,1,Open
1487,26,15312,Safety,Medium,2022-07-15,,7,Closed
1488,8,11645,Safety,High,2023-06-14,,5,Closed
1489,10,12041,NCR,Medium,2022-11-19,,15,Closed
1490,12,12417,Safety,High,2022-05-09,,15,Open
1491,23,14653,Safety,Medium,2022-09-07,,4,Closed
1492,22,14569,Safety,High,2023-05-10,,19,Closed
1493,17,13364,Safety,Medium,2023-02-14,,16,Closed
1494,12,12442,RFI,Medium,2022-12-25,,13,Open
1495,17,13405,Safety,Medium,2022-02-04,,15,Open
1496,19,13892,RFI,High,2023-11-10,,0,Open
1497,6,11146,RFI,Medium,2022-04-27,,11,Closed
1498,28,15664,Safety,Low,2023-07-06,,6,Open
1499,1,10003,NCR,Medium,2022-12-22,,0,Closed
1500,10,11983,Safety,Low,2023-12-24,,4,Closed
1501,24,14812,NCR,Medium,2023-05-21,,1,Open
1502,14,12742,RFI,High,2024-02-16,,3,Open
1503,8,11522,Safety,High,2022-11-25,,19,Closed
1504,23,14631,Safety,Low,2023-03-11,,1,Closed
1505,18,13694,Safety,Low,2023-11-19,,11,Closed
1506,4,10654,Safety,Low,2023-09-23,,13,Closed
1507,8,11562,RFI,Medium,2024-01-01,,19,Open
1508,13,12548,RFI,High,2022-10-11,,7,Open
1509,8,11581,RFI,High,2023-08-24,,11,Open
1510,25,14997,RFI,Low,2024-01-17,,23,Open
1511,16,13204,RFI,Low,2022-08-16,,23,Open
1512,15,13063,NCR,Low,2022-03-25,,0,Closed
1513,4,10786,NCR,Medium,2023-07-24,,22,Open
1514,25,15161,Safety,Low,2023-07-07,,12,Closed
1515,20,13985,NCR,Medium,2023-03-31,,20,Closed
1516,1,10038,Safety,Low,2022-04-24,,6,Open
1517,25,15017,NCR,Medium,2022-11-21,,8,Closed
1518,11,12135,RFI,Medium,2023-12-18,,13,Open
1519,4,10745,RFI,Low,2023-06-02,,16,Open
1520,8,11647,Safety,High,2023-02-16,,4,Open
1521,10,11992,NCR,High,2023-04-15,,9,Open
1522,5,10965,RFI,High,2022-11-07,,13,Open
1523,3,10542,RFI,Medium,2023-04-29,,15,Open
1524,16,13312,NCR,Low,2022-06-14,,21,Closed
1525,3,10534,RFI,Low,2024-04-20,,22,Closed
1526,12,12471,RFI,Low,2022-09-12,,2,Closed
1527,3,10634,Safety,Medium,2023-09-13,,2,Closed
1528,26,15344,Safety,Low,2023-12-27,,0,Open
1529,20,14006,NCR,Medium,2024-05-11,,21,Closed
1530,22,14568,RFI,High,2023-02-26,,2,Open
1531,17,13378,NCR,High,2022-07-07,,18,Open
1532,3,10591,Safety,Low,2023-07-17,,17,Closed
1533,21,14317,Safety,Medium,2022-09-21,,6,Closed
1534,5,10887,Safety,Low,2022-06-30,,22,Open
1535,26,15236,NCR,Low,2023-01-06,,12,Closed
1536,14,12746,NCR,Medium,2024-09-13,,10,Open
1537,21,14184,Safety,Low,2022-01-16,,24,Closed
1538,3,10496,NCR,Low,2024-03-18,,22,Closed
1539,18,13668,Safety,Medium,2024-05-24,,13,Open
1540,18,13643,RFI,High,2022-06-17,,17,Closed
1541,2,10363,Safety,High,2022-11-12,,6,Open
1542,25,15171,Safety,High,2023-08-15,,12,Closed
1543,6,11151,Safety,Low,2022-08-09,,19,Closed
1544,15,12939,NCR,Low,2023-08-26,,2,Closed
1545,18,13606,Safety,Low,2024-06-03,,0,Open
1546,12,12465,Safety,High,2023-04-05,,7,Closed
1547,24,14769,Safety,High,2022-05-20,,0,Closed
1548,5,11033,Safety,High,2022-11-22,,8,Open
1549,21,14224,NCR,Medium,2022-02-10,,2,Closed
1550,22,14453,RFI,Medium,2023-06-15,,1,Closed
1551,21,14329,Safety,High,2023-08-03,,12,Open
1552,28,15733,RFI,High,2023-02-22,,14,Closed
1553,4,10663,NCR,Medium,2023-02-17,,12,Closed
1554,9,11842,RFI,Low,2023-03-01,,1,Closed
1555,23,14682,RFI,Medium,2022-11-21,,8,Open
1556,10,11990,Safety,High,2022-09-14,,14,Open
1557,25,14987,RFI,Low,2024-02-19,,2,Open
1558,1,10071,RFI,Medium,2023-12-27,,1,Closed
1559,19,13807,Safety,High,2023-07-04,,5,Closed
1560,16,13327,NCR,Medium,2023-09-01,,0,Open
1561,8,11577,NCR,High,2023-08-26,,4,Closed
1562,11,12259,Safety,Medium,2023-12-03,,18,Closed
1563,3,10579,Safety,High,2022-10-15,,0,Open
1564,11,12298,Safety,Medium,2023-12-13,,21,Open
1565,19,13862,NCR,Low,2022-06-12,,9,Closed
1566,6,11259,Safety,Low,2022-07-17,,22,Closed
1567,23,14678,Safety,Low,2023-11-08,,21,Closed
1568,26,15237,RFI,Low,2022-01-29,,23,Open
1569,24,14796,Safety,Low,2023-12-07,,16,Open
1570,7,11313,Safety,Medium,2023-05-21,,17,Open
1571,2,10362,NCR,Medium,2023-04-22,,20,Closed
1572,10,11941,NCR,High,2022-07-21,,14,Closed
1573,20,14161,NCR,Medium,2022-06-23,,11,Closed
1574,17,13372,RFI,Low,2022-07-29,,4,Closed
1575,16,13243,Safety,High,2022-11-22,,2,Closed
1576,18,13561,Safety,High,2022-05-31,,7,Open
1577,20,14080,NCR,High,2023-01-24,,4,Closed
1578,9,11803,Safety,Medium,2022-08-19,,13,Closed
1579,8,11650,NCR,Medium,2024-03-03,,11,Closed
1580,12,12454,RFI,High,2022-09-16,,6,Closed
1581,25,15164,NCR,High,2022-07-20,,2,Open
1582,28,15619,Safety,Medium,2022-09-23,,17,Closed
1583,11,12243,Safety,High,2023-04-09,,15,Open
1584,18,13619,Safety,Low,2023-03-16,,15,Open
1585,25,15002,NCR,Medium,2022-04-29,,13,Closed
1586,19,13786,NCR,High,2022-08-28,,1,Closed
1587,23,14697,NCR,Medium,2022-10-18,,8,Open
1588,21,14283,RFI,Low,2023-02-24,,22,Open
1589,12,12463,NCR,Low,2022-11-30,,14,Open
1590,11,12245,RFI,High,2022-12-05,,16,Closed
1591,22,14389,Safety,Medium,2022-04-04,,22,Open
1592,1,10010,RFI,Low,2023-06-17,,8,Closed
1593,16,13133,NCR,High,2022-09-05,,4,Closed
1594,3,10406,Safety,Medium,2023-09-24,,18,Open
1595,5,10874,Safety,Medium,2022-08-27,,11,Open
1596,15,13067,NCR,Medium,2023-06-26,,6,Closed
1597,19,13790,Safety,Low,2022-09-01,,12,Closed
1598,22,14425,NCR,Low,2022-11-05,,3,Closed
1599,19,13894,RFI,Medium,2022-10-17,,17,Open
1600,28,15729,Safety,Medium,2022-08-18,,1,Closed
1601,17,13414,NCR,Medium,2023-04-23,,20,Closed
1602,25,15167,Safety,Low,2023-02-14,,22,Closed
1603,26,15232,NCR,Medium,2024-01-30,,10,Closed
1604,14,12750,RFI,High,2023-07-04,,16,Closed
1605,8,11628,Safety,Low,2023-01-26,,5,Closed
1606,15,13060,RFI,Medium,2023-09-11,,12,Closed
1607,13,12587,Safety,High,2022-07-13,,3,Closed
1608,4,10856,RFI,Medium,2023-08-23,,12,Open
1609,3,10446,RFI,Low,2024-03-31,,22,Closed
