dependency_id,project_id,predecessor_task_id,successor_task_id,dependency_type,lag_days,critical_dependency_flag
1,22,15620,14459,FS,5,N
2,27,14295,15492,FS,5,Y
3,22,11941,14477,SS,5,N
4,13,11893,12640,FF,0,Y
5,9,10210,11748,SS,5,N
6,18,12456,13595,FS,1,Y
7,7,14858,11324,FS,2,N
8,7,13589,11366,SS,3,N
9,28,15346,15611,FF,4,Y
10,5,12400,11043,FS,3,N
11,8,13330,11678,FF,4,Y
12,7,15547,11311,SS,0,Y
13,15,12765,12969,FF,2,Y
14,25,12873,14983,SS,5,Y
15,24,14748,14781,SS,3,N
16,22,14876,14561,SS,1,N
17,19,15532,13921,SS,4,N
18,7,13638,11423,FS,3,Y
19,1,13593,10057,SS,4,Y
20,3,14688,10453,FF,1,N
21,1,10400,10195,FS,1,N
22,14,10468,12748,SS,2,Y
23,2,14580,10245,SS,0,N
24,19,12665,13939,SS,2,N
25,28,13852,15656,FF,0,Y
26,9,11735,11874,SS,0,Y
27,2,10540,10290,FF,2,Y
28,21,11081,14218,FS,2,Y
29,22,14999,14436,SS,2,Y
30,21,15626,14185,FS,5,Y
31,13,12357,12662,FS,5,N
32,17,13763,13493,SS,3,N
33,18,14029,13688,FS,3,N
34,6,15361,11283,SS,0,Y
35,8,11989,11683,SS,0,Y
36,9,10824,11789,FS,5,N
37,5,11588,10876,FF,2,N
38,24,14195,14797,SS,4,Y
39,2,12179,10247,FF,0,Y
40,20,12405,14135,FS,0,N
41,18,14495,13577,FS,3,Y
42,1,11991,10055,SS,2,Y
43,23,15448,14609,FF,0,Y
44,5,11900,11052,SS,3,Y
45,22,14225,14399,FF,1,Y
46,20,10672,14104,SS,4,N
47,27,14390,15503,FS,1,N
48,20,14050,14131,FS,2,Y
49,6,12093,11119,FS,3,N
50,21,10294,14304,FF,5,Y
51,14,11254,12747,FF,5,N
52,12,11858,12523,SS,4,Y
53,23,11407,14585,SS,0,N
54,20,14272,14009,SS,4,N
55,4,15280,10666,SS,1,Y
56,16,14834,13216,SS,5,N
57,20,10172,13982,FS,1,N
58,15,12723,13088,FS,0,N
59,22,10622,14485,FF,3,Y
60,19,14846,13864,FF,1,Y
61,1,15217,10118,FF,2,Y
62,20,10329,14168,FS,1,N
63,9,12065,11837,SS,3,N
64,8,13638,11641,FS,1,Y
65,24,15352,14966,FS,4,Y
66,7,11677,11375,FF,2,Y
67,26,14310,15322,SS,3,N
68,4,12031,10832,FF,1,N
69,6,12256,11196,FS,1,Y
70,16,10031,13139,FF,1,N
71,20,14016,14063,FF,4,N
72,18,13016,13635,FS,0,Y
73,6,13860,11158,FF,2,N
74,1,14787,10162,FS,1,Y
75,22,10179,14550,SS,1,Y
76,24,12300,14865,FS,0,Y
77,17,11718,13357,FF,2,N
78,3,10655,10471,FS,1,Y
79,9,12272,11764,FS,1,Y
80,15,13011,12944,FF,1,N
81,23,11658,14597,SS,2,Y
82,28,12438,15713,FS,4,Y
83,21,13517,14333,FF,1,N
84,20,12071,14105,FS,0,N
85,26,12878,15370,FS,3,Y
86,6,12465,11219,FS,4,N
87,13,12929,12585,FF,2,N
88,25,10517,15141,FS,1,Y
89,24,14988,14765,FS,0,N
90,28,14885,15622,SS,0,Y
91,20,14518,13972,FF,5,Y
92,13,11549,12671,SS,3,Y
93,23,12107,14670,SS,2,Y
94,23,15648,14638,FS,5,N
95,3,13272,10532,FF,5,Y
96,6,10214,11217,SS,2,N
97,22,14983,14520,FS,2,Y
98,27,13742,15538,FS,2,N
99,22,13108,14474,FF,0,N
100,12,13139,12526,SS,3,N
101,24,11918,14763,SS,4,Y
102,15,13961,13107,SS,2,N
103,20,14770,14101,FF,5,Y
104,4,15146,10748,FF,4,Y
105,21,13849,14330,SS,1,Y
106,1,12423,10211,FS,3,N
107,2,15225,10276,SS,3,Y
108,18,11280,13578,FF,1,N
109,8,13823,11646,FF,4,N
110,11,10634,12254,FF,2,Y
111,7,14071,11429,FF,1,Y
112,15,14309,13086,FS,4,Y
113,17,12410,13492,FF,0,N
114,7,13154,11410,SS,4,Y
115,18,10072,13531,SS,3,N
116,24,10267,14962,FS,2,Y
117,5,14961,11032,SS,5,Y
118,5,12087,10957,SS,3,N
119,24,15555,14975,FS,5,N
120,24,15215,14798,FF,2,Y
121,10,10263,12005,FF,4,Y
122,20,13444,13998,SS,4,N
123,17,12861,13469,FS,0,N
124,12,10532,12371,FS,0,N
125,25,13135,15087,FS,3,Y
126,17,13522,13347,SS,3,N
127,1,11151,10116,FF,5,N
128,18,14931,13728,FS,5,Y
129,19,12279,13812,FF,4,N
130,14,11785,12920,SS,0,Y
131,24,10978,14898,SS,0,N
132,6,11499,11209,FF,0,N
133,10,14357,12115,FS,0,Y
134,24,11501,14832,FF,3,Y
135,9,10491,11855,FF,3,N
136,7,13393,11451,FS,1,Y
137,25,10937,15016,SS,3,N
138,16,10422,13126,SS,4,N
139,5,15281,10922,SS,0,Y
140,15,14117,13019,SS,0,N
141,19,12119,13822,FF,4,N
142,4,10275,10707,FS,3,Y
143,16,10541,13210,SS,5,N
144,20,15059,14073,FS,3,Y
145,12,11704,12347,FF,5,Y
146,6,11816,11261,SS,1,N
147,11,15029,12311,SS,5,Y
148,11,11030,12235,FS,3,N
149,13,12566,12729,SS,1,N
150,4,13485,10831,FS,4,N
151,6,14933,11292,FF,4,Y
152,22,10140,14438,FF,1,Y
153,24,12032,14817,FS,3,N
154,19,13177,13789,FS,1,N
155,23,12508,14611,FS,0,Y
156,24,10789,14974,FF,4,N
157,16,12068,13303,SS,3,Y
158,17,13359,13417,FS,4,Y
159,4,11683,10699,SS,1,N
160,24,13388,14964,FF,2,N
161,26,11664,15222,SS,0,N
162,22,14624,14508,SS,1,N
163,11,13323,12133,FS,0,Y
164,23,15312,14693,FF,5,N
165,23,13190,14699,FS,4,Y
166,6,14240,11131,SS,0,N
167,6,11065,11269,SS,2,N
168,28,13887,15730,FF,0,Y
169,4,13858,10758,FS,0,Y
170,18,13402,13703,SS,3,N
171,18,14946,13666,FF,5,N
172,4,10694,10652,SS,4,N
173,21,10624,14192,FF,5,Y
174,14,12992,12839,SS,3,N
175,13,12740,12624,SS,5,N
176,11,11756,12125,FS,4,N
177,11,15342,12306,FF,1,N
178,18,14604,13645,FS,4,N
179,19,14684,13784,FS,3,N
180,17,13237,13446,FS,3,Y
181,2,10663,10403,FS,5,Y
182,15,12850,13028,FF,1,Y
183,1,10089,10084,FS,0,N
184,3,11346,10420,FF,4,Y
185,1,12366,10180,FS,1,N
186,8,15202,11687,FS,1,N
187,12,11949,12421,FS,4,Y
188,15,12281,13017,FF,5,Y
189,24,11685,14939,FF,1,Y
190,3,14343,10434,SS,4,Y
191,13,15236,12668,FS,5,Y
192,9,12446,11750,SS,0,Y
193,23,10962,14712,FF,2,Y
194,5,11193,10982,FS,1,N
195,6,10390,11077,FF,1,N
196,4,13638,10801,FF,5,N
197,17,14823,13424,SS,4,Y
198,12,11595,12396,SS,4,N
199,8,15265,11494,FS,1,Y
200,3,15288,10641,FF,3,Y
201,23,12247,14671,FS,1,N
202,13,15650,12601,SS,2,N
203,15,10693,13042,FS,2,N
204,8,12838,11685,SS,4,N
205,22,13635,14475,SS,1,Y
206,15,11557,12941,FF,4,N
207,11,11224,12322,SS,0,Y
208,22,11146,14484,FF,3,Y
209,17,12487,13385,SS,3,Y
210,24,10958,14839,FS,2,N
211,7,12524,11376,FF,4,Y
212,12,10964,12498,FS,1,N
213,5,12931,10963,FF,3,Y
214,26,12463,15225,SS,2,Y
215,18,14561,13603,FF,1,N
216,11,14726,12248,FF,0,Y
217,2,11619,10346,FF,4,N
218,5,14892,10969,SS,3,Y
219,11,13383,12297,FF,5,Y
220,8,15087,11507,FF,5,Y
221,5,14176,10972,FF,3,Y
222,18,11035,13711,SS,5,Y
223,18,12793,13669,FS,4,N
224,4,10882,10738,SS,1,N
225,25,11235,14985,SS,2,N
226,22,15693,14479,SS,4,N
227,18,12098,13547,FF,1,N
228,24,14742,14787,SS,5,Y
229,9,12892,11773,SS,2,N
230,2,15059,10319,FF,3,N
231,17,10088,13500,SS,0,N
232,3,12896,10501,SS,5,N
233,20,15351,14102,FF,1,Y
234,19,11798,13835,FF,1,Y
235,25,10596,15018,SS,5,N
236,18,10882,13641,FF,2,Y
237,6,12148,11137,FF,2,N
238,28,10450,15714,FS,2,Y
239,15,13992,13026,SS,1,N
240,24,14604,14783,FF,0,Y
241,13,11019,12541,FF,0,N
242,21,12409,14189,FF,5,Y
243,20,14146,14025,FF,5,Y
244,19,12456,13930,SS,4,Y
245,5,14584,10913,SS,4,Y
246,6,11027,11167,SS,0,Y
247,27,12297,15460,FS,4,Y
248,1,11939,10150,SS,3,N
249,16,12731,13321,SS,3,Y
250,22,14153,14542,FS,3,Y
251,24,11223,14766,SS,3,Y
252,11,13579,12191,FS,5,Y
253,5,11719,11060,FS,3,Y
254,19,12955,13900,FF,5,N
255,11,12615,12307,SS,3,N
256,20,10672,14037,FS,2,N
257,14,14863,12934,FF,3,Y
258,12,10761,12467,FF,3,N
259,18,11247,13680,SS,2,Y
260,9,14873,11730,FF,3,N
261,24,12659,14969,FS,1,Y
262,14,10982,12921,FS,1,Y
263,10,11835,11998,SS,2,Y
264,21,12625,14339,SS,5,Y
265,27,14755,15483,FF,0,N
266,26,11370,15284,SS,5,Y
267,15,15304,13039,FS,5,N
268,21,10985,14361,FF,3,N
269,12,13424,12420,SS,1,Y
270,9,14536,11731,FF,1,Y
271,19,10521,13783,FF,3,Y
272,26,12569,15239,FS,5,Y
273,1,11253,10146,SS,3,Y
274,19,13751,13895,FS,0,N
275,26,13589,15307,FF,5,N
276,23,12245,14625,SS,5,Y
277,2,10271,10306,SS,1,Y
278,15,15185,13097,FS,3,Y
279,8,13557,11638,SS,4,Y
280,4,15452,10853,FF,2,Y
281,13,11967,12562,FF,3,Y
282,15,12129,12963,SS,1,Y
283,28,15017,15588,FF,2,N
284,1,12077,10009,FF,5,Y
285,16,11144,13274,FF,1,N
286,12,12978,12387,SS,5,N
287,12,11183,12524,FF,3,Y
288,3,10155,10433,SS,3,Y
289,10,13097,12092,SS,3,Y
290,11,10429,12266,FS,5,Y
291,6,12130,11182,FF,0,N
292,8,12546,11585,FF,3,N
293,14,10593,12802,FF,4,Y
294,3,12662,10408,FS,3,N
295,11,15008,12143,FF,3,N
296,24,12982,14849,SS,5,Y
297,9,13110,11788,SS,2,N
298,18,15343,13610,FF,0,N
299,14,11726,12818,FS,5,N
300,16,15622,13236,FS,3,N
301,24,11659,14836,FF,4,N
302,3,14166,10617,SS,4,Y
303,5,10204,10988,FS,1,N
304,4,15003,10717,FS,3,Y
305,26,13901,15250,FF,0,Y
306,27,15074,15529,FF,4,N
307,22,10643,14422,SS,1,N
308,14,14264,12912,FS,5,N
309,24,12036,14822,FS,2,Y
310,5,12516,11016,FF,0,Y
311,2,10713,10326,SS,1,Y
312,26,15187,15233,SS,1,N
313,8,12563,11707,FF,0,N
314,22,15140,14388,FS,2,Y
315,21,12856,14375,FF,3,Y
316,6,10157,11170,FF,2,Y
317,20,10054,14022,FF,5,Y
318,18,12822,13706,SS,0,Y
319,11,13031,12312,FF,1,Y
320,15,14019,13078,SS,2,N
321,4,10924,10869,FF,3,Y
322,7,11568,11408,FF,3,Y
323,17,13212,13374,FS,1,N
324,3,15014,10583,SS,5,N
325,21,11174,14220,SS,1,Y
326,13,15732,12535,FS,2,Y
327,21,15573,14210,FS,1,N
328,21,11815,14351,FF,0,N
329,7,12876,11424,FF,1,N
330,1,13248,10102,FS,1,Y
331,4,11301,10774,FF,5,Y
332,7,10744,11355,FS,3,Y
333,8,11226,11599,FS,0,N
334,18,14189,13516,FS,1,N
335,14,13513,12791,SS,3,Y
336,19,12389,13743,SS,2,Y
337,3,11579,10447,SS,5,Y
338,24,13299,14758,FS,1,N
339,1,12031,10074,FS,5,N
340,17,14028,13477,SS,3,N
341,14,11662,12905,FF,5,N
342,16,12700,13162,FF,2,N
343,20,10761,14092,FF,2,Y
344,4,13968,10719,FS,3,Y
345,21,14344,14371,FF,3,N
346,7,12831,11314,FS,3,N
347,22,12289,14376,SS,3,N
348,17,14888,13344,FS,2,Y
349,17,12431,13466,SS,2,N
350,10,11473,12030,SS,2,N
351,11,11822,12282,FF,1,Y
352,22,10554,14547,FF,5,N
353,15,13297,12993,FF,2,N
354,6,11635,11194,FF,1,N
355,26,13355,15376,FS,1,N
356,16,13284,13208,FS,4,Y
357,16,12671,13219,SS,5,N
358,1,10780,10081,SS,0,N
359,13,14027,12653,FS,3,Y
360,24,13969,14936,FS,3,N
361,10,10407,11956,FF,4,N
362,20,13406,14091,FS,1,Y
363,9,13397,11848,SS,1,Y
364,8,14972,11537,SS,1,Y
365,14,11524,12797,FS,5,N
366,1,15389,10122,SS,3,Y
367,5,10001,10894,SS,3,Y
368,18,12188,13618,SS,2,Y
369,4,13255,10757,SS,3,Y
370,12,15614,12517,FS,3,Y
371,9,12085,11832,FF,3,N
372,18,10190,13580,SS,2,N
373,17,11463,13481,FS,5,Y
374,20,14470,13978,FS,1,Y
375,9,11156,11779,FF,2,N
376,12,12635,12408,SS,1,N
377,27,15580,15469,FS,0,N
378,16,14601,13314,FF,5,Y
379,23,14964,14745,FS,5,Y
380,24,10273,14841,SS,1,N
381,6,15181,11096,FS,3,Y
382,17,14996,13412,SS,2,N
383,28,14222,15669,SS,3,Y
384,12,13706,12511,SS,0,N
385,13,14811,12634,FF,3,Y
386,4,11103,10798,SS,3,N
387,28,12405,15721,FS,1,N
388,19,13301,13826,SS,4,N
389,14,15003,12917,FF,3,Y
390,8,11851,11697,FF,2,N
391,11,15473,12268,SS,4,N
392,6,12110,11078,SS,3,Y
393,26,11423,15388,FF,5,N
394,26,14630,15316,FS,5,N
395,21,14429,14204,SS,2,N
396,25,15236,14995,SS,0,Y
397,28,10648,15644,SS,5,N
398,4,14694,10664,FF,2,Y
399,27,15134,15509,FF,1,Y
400,19,12041,13800,FS,1,Y
401,21,12296,14187,FF,2,Y
402,24,15454,14901,FS,1,N
403,21,14729,14264,FS,4,N
404,28,10637,15663,FF,0,Y
405,22,15251,14527,SS,4,N
406,6,14949,11223,SS,1,Y
407,14,14261,12856,SS,5,N
408,25,10460,15124,SS,0,Y
409,2,15078,10222,SS,1,Y
410,3,10032,10626,FF,0,N
411,3,14391,10604,FS,2,N
412,24,12607,14954,FS,5,Y
413,26,15397,15373,FS,4,N
414,26,13157,15390,FF,2,Y
415,17,11759,13463,FS,0,N
416,16,11923,13279,SS,2,Y
417,1,12037,10188,SS,1,N
418,8,11348,11703,FF,3,Y
419,26,13254,15402,FF,0,N
420,16,13933,13169,FF,2,N
421,27,10825,15570,SS,0,N
422,21,11026,14289,FF,0,N
423,5,14348,10961,FF,1,Y
424,5,11614,10906,SS,5,Y
425,20,14721,14038,FF,2,N
426,16,10460,13284,FF,1,Y
427,25,15325,15101,FF,1,Y
428,1,12707,10101,SS,4,Y
429,18,12665,13723,FF,4,Y
430,14,12187,12787,SS,3,Y
431,17,12200,13402,FS,4,N
432,24,11049,14768,FF,5,N
433,27,15484,15490,FS,2,N
434,4,11614,10677,SS,4,Y
435,5,12107,10935,FS,4,N
436,1,13671,10068,SS,4,Y
437,23,14353,14735,FF,3,Y
438,13,15010,12639,SS,3,N
439,11,15178,12164,SS,0,Y
440,10,12686,11954,SS,4,N
441,2,15677,10360,FF,5,N
442,25,13451,15015,SS,0,Y
443,8,10578,11705,FS,2,Y
444,5,12121,10933,FS,0,Y
445,27,15122,15444,FF,0,N
446,25,12516,15190,FS,1,N
447,21,13839,14328,FF,2,Y
448,5,11699,11059,FS,5,N
449,28,12754,15660,SS,5,N
450,14,13239,12899,FF,3,N
451,21,11818,14207,FS,4,N
452,6,13957,11180,FS,5,N
453,8,11489,11691,FF,3,N
454,15,11613,12951,SS,5,N
455,27,15699,15566,FF,5,N
456,10,12192,11991,FF,2,Y
457,7,11529,11422,FS,5,N
458,12,11467,12450,FS,1,Y
459,6,13123,11210,SS,5,Y
460,17,14113,13340,FF,2,N
461,26,10909,15228,FS,4,Y
462,3,14615,10474,FF,5,N
463,2,12166,10232,FS,5,Y
464,23,11888,14584,SS,4,Y
465,25,12399,15142,FS,4,N
466,18,13071,13514,FF,5,Y
467,20,11769,13968,FS,1,N
468,8,14464,11681,FF,3,N
469,20,10113,13979,FF,5,N
470,10,10930,12095,FF,4,N
471,10,15005,11963,FF,4,N
472,3,13935,10597,SS,5,Y
473,25,14453,15123,FS,0,Y
474,28,14047,15726,SS,4,Y
475,14,15668,12769,FS,5,N
476,20,10627,14140,SS,5,N
477,4,11451,10736,FS,5,N
478,18,11192,13612,FF,0,Y
479,14,11391,12840,SS,5,N
480,18,12231,13713,FS,4,N
481,24,12293,14950,FS,5,N
482,1,10676,10079,SS,2,N
483,24,12019,14951,SS,2,N
484,27,11312,15475,FF,2,Y
485,6,12193,11105,SS,1,N
486,9,14073,11838,SS,4,N
487,16,13729,13160,SS,3,N
488,10,14397,11966,SS,0,Y
489,18,12212,13690,FF,3,N
490,13,15678,12689,FF,0,Y
491,10,12465,11950,FS,5,N
492,25,10474,15180,SS,1,Y
493,21,11858,14314,FF,1,N
494,14,13617,12907,FF,2,N
495,6,11238,11173,FS,5,N
496,14,15155,12832,FF,2,N
497,7,11797,11407,FF,5,Y
498,10,13599,11936,SS,3,Y
499,17,15116,13396,FS,3,Y
500,20,10227,14066,SS,3,N
501,10,14388,12104,SS,3,N
502,21,14928,14206,FF,5,N
503,25,10962,15189,SS,5,N
504,7,10691,11392,FS,5,Y
505,1,12675,10136,SS,2,N
506,28,12161,15696,FS,4,N
507,23,13671,14717,FF,5,Y
508,21,10190,14202,FF,0,N
509,15,12272,13111,FS,2,N
510,24,15213,14772,FS,3,N
511,26,14854,15287,SS,5,N
512,2,10196,10229,SS,4,N
513,19,10276,13791,FF,3,N
514,27,14567,15459,FF,4,Y
515,25,15264,15153,SS,0,N
516,5,14840,10997,SS,3,N
517,19,12875,13745,FF,4,Y
518,24,12309,14778,FF,5,N
519,11,10255,12303,FS,5,N
520,10,15743,12119,FS,4,Y
521,4,12466,10733,FF,4,Y
522,13,12139,12595,FF,0,Y
523,25,10431,15084,FS,2,N
524,4,14026,10713,FF,1,N
525,18,11561,13716,SS,3,Y
526,13,11643,12714,FS,3,N
527,20,15206,14024,SS,4,N
528,26,14759,15412,FS,0,N
529,26,12044,15242,FF,0,N
530,9,13971,11884,FS,1,N
531,24,12162,14958,SS,3,N
532,12,15236,12415,FS,0,Y
533,6,13080,11280,FF,2,Y
534,19,10987,13767,FS,1,Y
535,11,14311,12285,FS,4,N
536,20,14690,14114,FS,1,N
537,26,10394,15404,SS,2,Y
538,27,12547,15576,FS,3,N
539,14,15263,12864,SS,3,Y
540,16,14313,13229,FS,1,Y
541,1,12779,10196,FS,4,Y
542,4,12772,10701,FS,3,N
543,4,15124,10789,SS,1,N
544,18,10719,13546,SS,3,Y
545,27,10381,15586,FF,2,Y
546,20,11978,13999,SS,1,Y
547,22,14342,14575,SS,1,N
548,14,14537,12788,SS,2,N
549,25,14382,15061,FF,2,N
550,13,12978,12547,FS,2,Y
551,14,13734,12831,FF,3,Y
552,7,12099,11391,FS,2,Y
553,14,13384,12873,FS,0,N
554,18,14700,13551,FS,4,Y
555,23,10901,14740,FS,5,N
556,25,10033,14984,FF,1,N
557,12,14324,12369,FF,4,Y
558,7,13351,11490,FF,2,Y
559,3,13262,10475,SS,3,Y
560,6,12277,11243,FS,5,Y
561,19,14112,13827,SS,1,Y
562,21,10566,14350,SS,2,N
563,20,14893,14000,SS,5,Y
564,6,11967,11253,SS,4,Y
565,18,14519,13683,FF,0,Y
566,20,15433,14048,FF,0,Y
567,17,10622,13440,FF,0,Y
568,5,10878,11003,SS,1,Y
569,1,13369,10080,SS,0,Y
570,10,14254,11982,FS,2,N
571,22,13098,14383,FS,1,N
572,5,11165,11024,SS,2,Y
573,4,10621,10730,FF,3,Y
574,4,10466,10861,FS,4,N
575,23,14163,14656,FF,0,N
576,2,15741,10329,FS,1,Y
577,22,12295,14435,FF,0,Y
578,1,10434,10173,FF,5,N
579,21,11580,14229,FS,5,Y
580,12,12099,12528,FF,4,Y
581,21,13547,14282,FS,4,N
582,4,14573,10841,FF,4,Y
583,22,13144,14454,SS,4,N
584,25,15590,14989,FS,1,N
585,7,11675,11445,FF,5,N
586,9,14678,11880,FS,0,Y
587,22,11831,14430,SS,5,Y
588,18,13646,13691,FS,0,N
589,16,12544,13324,FF,4,N
590,10,14010,12037,SS,1,N
591,10,12611,11967,SS,5,Y
592,25,11337,15160,SS,3,Y
593,2,10315,10244,FS,0,N
594,28,14111,15649,FF,1,Y
595,15,12914,13112,SS,3,N
596,15,10616,12973,FS,5,N
597,15,14866,13009,SS,5,Y
598,19,11644,13808,SS,1,N
599,4,13731,10684,SS,1,Y
600,5,14288,10980,FF,2,N
601,16,12155,13330,SS,4,N
602,9,10101,11846,FF,3,N
603,12,14746,12457,FS,2,N
604,28,10256,15675,FF,3,Y
605,26,13588,15285,SS,4,Y
606,24,14604,14897,SS,2,Y
607,13,10329,12531,FS,5,Y
608,21,14481,14359,SS,5,N
609,14,12398,12799,FS,3,N
610,10,15267,12087,FS,2,Y
611,5,11138,10949,FS,1,N
612,18,13231,13530,FF,2,N
613,19,14797,13796,SS,0,N
614,3,13070,10445,FS,5,Y
615,24,12136,14889,SS,2,Y
616,23,11522,14613,SS,4,N
617,14,13619,12838,SS,0,Y
618,3,10557,10460,FS,5,N
619,13,12717,12654,FF,1,Y
620,23,10226,14629,FF,3,Y
621,3,12942,10416,FS,1,N
622,24,11818,14774,SS,2,Y
623,17,10772,13401,FF,5,N
624,1,14846,10184,FS,1,N
625,10,13962,12027,SS,5,N
626,17,14898,13423,SS,4,N
627,26,15371,15278,FS,3,N
628,23,14508,14662,SS,3,N
629,26,15071,15318,FS,3,Y
630,8,12690,11544,FF,1,Y
631,7,15469,11437,FF,2,Y
632,7,13136,11329,FS,3,N
633,27,12272,15535,FS,3,N
634,19,15101,13854,FF,4,N
635,22,10848,14534,FS,1,N
636,19,14912,13749,FF,3,Y
637,12,12846,12509,SS,3,N
638,22,15032,14522,FF,4,Y
639,23,11952,14621,FF,0,N
640,7,10622,11307,FF,2,Y
641,17,13508,13367,FF,5,Y
642,23,11207,14674,FF,4,N
643,28,10400,15715,SS,5,Y
644,11,11538,12247,FS,2,N
645,19,13072,13803,SS,3,Y
646,2,13717,10337,FF,5,N
647,26,11560,15207,FF,0,N
648,25,14417,15162,FS,2,Y
649,17,15523,13420,FS,4,Y
650,2,10384,10280,FF,1,N
651,27,10951,15481,FS,5,N
652,22,11694,14548,FF,1,Y
653,17,14958,13369,FS,3,N
654,17,11282,13341,FF,2,N
655,13,10851,12703,FS,3,Y
656,13,14706,12594,SS,4,Y
657,1,12971,10139,SS,2,Y
658,7,13991,11385,FS,1,N
659,25,12657,15105,SS,5,Y
660,25,11524,15033,FS,4,Y
661,3,15653,10505,FS,5,N
662,26,13824,15230,FS,3,N
663,15,13052,13055,FF,3,Y
664,1,15713,10214,FF,2,N
665,16,14488,13206,SS,2,N
666,13,14735,12709,FS,4,N
667,21,13629,14238,FF,2,N
668,5,11649,11011,FF,1,Y
669,7,14166,11403,SS,1,N
670,1,14327,10121,FF,1,N
671,2,12402,10388,FF,3,N
672,3,14458,10563,FS,0,Y
673,11,11350,12336,FF,2,N
674,16,12412,13251,FS,5,N
675,15,13446,13054,SS,5,Y
676,26,12687,15273,FS,1,N
677,18,15222,13710,FF,1,N
678,7,11008,11351,FF,1,Y
679,19,15076,13932,FF,3,Y
680,13,13725,12706,SS,2,N
681,17,13933,13465,FF,1,N
682,13,11928,12713,SS,3,Y
683,7,11925,11344,FF,5,Y
684,24,13264,14779,FS,2,N
685,16,10097,13266,FS,1,N
686,27,13631,15457,FF,1,Y
687,21,14842,14197,SS,1,Y
688,19,14159,13778,FS,1,Y
689,22,10664,14395,SS,1,N
690,25,11496,15117,SS,4,Y
691,8,13981,11684,FF,1,N
692,18,13568,13678,SS,0,Y
693,8,15531,11548,SS,2,Y
694,14,12626,12922,FF,0,Y
695,9,14597,11732,FF,2,Y
696,21,10392,14257,SS,2,Y
697,18,12546,13614,SS,4,N
698,23,10777,14624,FF,4,Y
699,1,10609,10148,FF,1,Y
700,19,10453,13777,SS,5,Y
701,24,14497,14971,FS,0,Y
702,22,15680,14482,SS,3,N
703,23,11622,14748,FF,4,Y
704,20,11629,14058,FF,4,N
705,15,11218,13087,SS,4,N
706,11,15098,12139,FF,3,N
707,27,12901,15445,FS,0,Y
708,17,13555,13478,SS,2,Y
709,9,14419,11812,FF,0,Y
710,1,11968,10036,FF,4,Y
711,2,14289,10373,FF,2,N
712,3,13565,10632,FF,0,N
713,17,15353,13350,FF,1,N
714,18,11074,13677,FS,5,Y
715,27,10326,15577,FS,1,Y
716,27,12198,15486,FS,4,Y
717,4,12283,10742,FF,2,N
718,11,14359,12194,FS,4,Y
719,25,15717,15069,SS,2,N
720,25,11547,15143,SS,0,N
721,24,10208,14906,SS,3,Y
722,5,12779,10954,SS,4,Y
723,23,15538,14753,FF,1,Y
724,12,15498,12356,FS,4,N
725,12,14046,12353,FS,3,N
726,3,14722,10454,FF,5,Y
727,7,14914,11389,SS,2,N
728,28,12312,15737,SS,1,N
729,12,11928,12479,SS,2,N
730,26,12410,15398,FF,3,Y
731,9,11307,11768,FS,2,N
732,8,10619,11642,FF,5,N
733,9,12759,11740,FF,0,Y
734,13,15698,12574,SS,3,N
735,14,11458,12740,FF,0,N
736,26,13678,15317,SS,5,N
737,12,11768,12510,FS,5,Y
738,17,12264,13346,FF,3,N
739,6,10917,11142,FS,4,Y
740,4,13065,10740,FF,2,Y
741,8,14511,11536,FF,1,N
742,7,12975,11460,FS,2,Y
743,8,14245,11587,SS,5,N
744,9,14966,11872,FS,2,Y
745,5,10094,10916,SS,5,N
746,6,10566,11129,SS,2,Y
747,12,11622,12398,SS,0,Y
748,27,12192,15499,FS,4,N
749,5,12618,10966,FS,0,Y
750,22,15149,14444,FS,2,Y
751,13,11293,12651,FS,2,Y
752,8,10963,11593,FF,3,N
753,9,10717,11742,FS,2,N
754,4,12107,10808,FS,3,Y
755,24,10028,14912,SS,3,Y
756,3,15520,10449,SS,2,Y
757,1,10481,10208,FS,1,N
758,14,10687,12911,SS,0,Y
759,15,10793,12987,FS,5,Y
760,5,13366,10877,FF,5,N
761,28,14641,15691,FS,1,N
762,25,15466,15184,FS,2,N
763,6,10022,11108,FF,0,N
764,20,13643,14040,SS,4,Y
765,11,11181,12339,FS,3,N
766,11,15306,12216,SS,1,N
767,27,14447,15578,FF,0,Y
768,1,12205,10086,FF,2,N
769,26,12406,15323,SS,0,N
770,25,13800,15186,SS,2,Y
771,22,11737,14541,SS,2,Y
772,16,15201,13263,SS,5,N
773,5,11201,10975,FF,5,Y
774,26,11751,15353,FS,0,Y
775,25,12597,14990,FF,0,Y
776,13,12747,12687,FS,1,N
777,15,12448,13093,FS,2,N
778,28,14223,15707,FF,1,N
779,16,13717,13273,SS,1,N
780,5,13412,10950,FS,4,Y
781,5,10790,10962,SS,3,N
782,28,13725,15630,FF,1,N
783,22,11414,14441,FS,3,N
784,25,13399,15057,FS,4,Y
785,17,14532,13410,SS,5,Y
786,4,15624,10747,FS,2,N
787,18,11300,13572,FF,2,Y
788,11,12068,12219,FS,4,Y
789,24,13796,14973,SS,0,Y
790,15,12430,13048,SS,2,Y
791,21,12625,14276,SS,2,N
792,26,14850,15339,FF,1,N
793,11,14756,12291,FS,1,N
794,26,15620,15198,FF,2,N
795,15,12707,13032,FS,3,Y
796,27,15392,15523,FF,2,Y
797,26,15675,15274,FF,1,Y
798,16,13395,13275,FF,5,N
799,18,11541,13587,SS,5,Y
800,9,12594,11869,SS,3,Y
801,22,13826,14526,SS,0,N
802,26,14219,15314,FS,0,Y
803,9,15093,11772,FS,1,N
804,3,13188,10562,SS,4,N
805,4,11317,10724,FF,1,Y
806,13,13836,12617,FF,3,N
807,3,10860,10616,SS,4,Y
808,13,11934,12737,SS,0,Y
809,13,12612,12702,FF,4,N
810,1,13432,10029,FS,1,Y
811,26,15085,15265,FF,4,Y
812,9,13388,11727,SS,0,Y
813,12,12175,12355,FF,4,Y
814,14,10054,12782,SS,2,N
815,8,12950,11671,SS,1,N
816,25,14220,15031,FS,2,Y
817,16,14977,13252,FS,4,Y
818,28,10075,15626,FS,0,Y
819,24,11824,14809,FF,4,Y
820,17,11191,13454,FF,0,N
821,10,11549,11931,FF,1,Y
822,5,10649,10934,SS,0,Y
823,10,11028,11906,SS,1,Y
824,17,15644,13427,SS,0,N
825,4,13988,10729,SS,5,Y
826,1,11019,10005,FF,5,N
827,25,12174,15183,FF,1,Y
828,4,11377,10767,SS,4,Y
829,4,11461,10723,SS,5,N
830,28,11115,15720,SS,3,N
831,5,14579,10992,SS,1,N
832,3,13733,10623,FF,2,N
833,18,10560,13719,FS,2,N
834,6,14358,11282,SS,1,Y
835,9,15671,11819,FF,3,N
836,18,15287,13695,FF,1,N
837,22,10738,14513,FF,4,Y
838,26,10292,15283,FS,3,N
839,14,12665,12778,FS,3,Y
840,28,12688,15741,FS,4,Y
841,1,15681,10163,SS,0,Y
842,12,10333,12484,SS,0,Y
843,14,11918,12865,FF,2,N
844,17,11829,13458,FS,4,Y
845,17,14860,13461,FS,2,Y
846,2,11056,10359,FF,3,Y
847,24,11464,14968,FS,1,N
848,11,12269,12202,FS,3,Y
849,11,12722,12205,FF,0,N
850,26,14533,15331,SS,0,N
851,26,14138,15367,FS,1,Y
852,11,14682,12168,FS,0,N
853,18,12322,13630,FS,3,N
854,14,15138,12879,SS,2,Y
855,5,13500,10893,FF,2,Y
856,10,11013,12121,FS,0,N
857,19,11877,13805,FF,0,N
858,7,13302,11336,SS,1,Y
859,13,12338,12566,FS,1,Y
860,21,13615,14247,FS,1,Y
861,6,11766,11123,FS,1,N
862,5,15658,10905,FF,5,Y
863,10,10562,12078,SS,4,N
864,14,14748,12925,FS,4,Y
865,10,11467,11975,SS,3,N
866,16,11415,13195,FS,5,N
867,21,10259,14362,FS,5,N
868,6,14211,11290,FF,5,Y
869,6,13719,11138,SS,5,Y
870,22,15654,14446,SS,0,N
871,6,15182,11229,FF,3,N
872,21,13314,14239,FF,1,Y
873,19,12636,13837,SS,3,Y
874,10,11646,12013,FS,3,Y
875,26,12656,15288,SS,3,N
876,10,13101,12001,FS,5,N
877,10,11883,11910,FF,4,N
878,23,12433,14714,FS,2,N
879,7,10053,11353,FF,5,Y
880,7,14385,11343,SS,0,N
881,23,10716,14728,FS,1,Y
882,4,11656,10700,SS,0,Y
883,8,10118,11499,SS,0,N
884,18,12188,13649,FS,0,N
885,8,12926,11498,FF,1,N
886,4,10348,10826,SS,1,Y
887,25,14973,15019,FF,2,N
888,12,13806,12344,FF,5,Y
889,5,15442,10890,FF,2,Y
890,25,10678,15044,FS,5,N
891,26,11717,15221,SS,0,N
892,12,10875,12424,SS,0,Y
893,8,12585,11565,FF,2,Y
894,11,13186,12269,SS,0,N
895,7,14236,11356,FS,2,N
896,16,10909,13264,FF,1,N
897,18,10207,13648,FF,5,Y
898,7,12837,11374,FF,3,N
899,4,13947,10761,FF,1,Y
900,15,10397,13022,FS,5,N
901,4,11225,10771,FS,2,N
902,16,10065,13124,SS,1,Y
903,8,13843,11543,FS,1,Y
904,10,12708,11962,SS,2,N
905,23,10651,14630,SS,2,N
906,8,11897,11547,FF,0,Y
907,10,14924,11902,FS,5,N
908,18,11716,13536,FF,5,Y
909,8,10865,11715,SS,3,Y
910,10,13681,12017,SS,0,Y
911,16,13330,13171,SS,1,Y
912,5,10728,10986,SS,0,Y
913,27,13493,15430,SS,4,N
914,14,12450,12780,SS,1,Y
915,21,14611,14273,FS,3,Y
916,15,13621,13095,SS,3,N
917,6,14812,11116,SS,2,N
918,20,12981,14159,FS,0,N
919,11,15189,12124,SS,1,N
920,4,15045,10681,SS,4,Y
921,8,10598,11699,FF,5,Y
922,28,12490,15690,SS,5,N
923,22,14248,14549,FS,4,Y
924,3,14017,10508,FS,2,Y
925,20,13970,14059,FF,4,N
926,14,11547,12894,FS,4,N
927,23,14538,14681,FS,2,N
928,27,14808,15532,FS,1,Y
929,25,14200,15081,SS,3,N
930,18,13202,13581,FS,0,Y
931,13,12921,12707,SS,4,Y
932,2,14932,10343,FS,1,N
933,24,12569,14915,FF,0,N
934,11,10230,12300,FS,5,N
935,22,12705,14418,FS,1,Y
936,24,13792,14829,SS,0,N
937,23,10367,14741,SS,2,N
938,20,12676,14095,FS,3,N
939,28,11944,15621,FS,1,Y
940,7,11569,11441,FF,4,N
941,26,14361,15270,FS,5,Y
942,18,10314,13620,FS,1,N
943,26,14202,15257,FF,0,Y
944,25,10398,15120,SS,2,Y
945,13,14305,12542,FS,2,Y
946,14,10012,12858,FS,5,Y
947,2,14586,10228,FF,1,N
948,9,15128,11783,FF,3,Y
949,17,13152,13499,SS,5,N
950,23,15226,14739,FF,4,Y
951,8,11708,11662,SS,2,Y
952,10,11421,12070,SS,1,N
953,6,15189,11087,SS,3,N
954,4,11584,10743,SS,0,N
955,28,13716,15616,FS,5,N
956,1,11394,10164,FF,1,Y
957,28,14378,15668,FF,4,Y
958,14,13820,12762,FF,0,N
959,10,10871,12014,FS,0,Y
960,24,10880,14807,FF,4,N
961,26,12377,15301,SS,3,Y
962,24,10226,14947,SS,1,N
963,19,13168,13810,FS,4,Y
964,23,10548,14650,FS,0,N
965,2,12344,10378,FS,2,Y
966,23,15135,14594,FS,4,N
967,26,15130,15382,FS,4,Y
968,22,13706,14540,SS,5,Y
969,10,10825,12023,SS,4,Y
970,12,14976,12495,FF,2,N
971,13,10454,12731,SS,5,Y
972,19,12657,13793,FS,4,N
973,7,11451,11309,FF,3,Y
974,16,12374,13224,FS,1,Y
975,3,15249,10428,FF,1,N
976,26,10565,15248,FS,0,Y
977,16,15515,13197,FS,1,N
978,25,13490,15110,FS,3,Y
979,26,12982,15210,FF,2,Y
980,3,12078,10450,SS,2,N
981,13,11754,12554,FF,1,Y
982,24,11716,14935,FS,1,Y
983,16,14127,13156,SS,4,Y
984,8,10442,11611,FS,4,Y
985,28,14101,15676,FS,5,N
986,4,12880,10799,FS,5,N
987,15,11281,13031,FF,3,N
988,2,15180,10314,FF,0,Y
989,18,12707,13670,SS,2,N
990,19,13554,13960,FS,5,N
991,2,12282,10370,FS,3,Y
992,16,13973,13300,FF,0,Y
993,22,13297,14478,FS,2,Y
994,26,15140,15324,FF,5,Y
995,17,14216,13497,SS,4,Y
996,4,15595,10665,FF,3,N
997,6,15361,11176,FF,0,N
998,25,11413,15134,FS,1,Y
999,17,10469,13399,FS,2,N
1000,20,14672,14108,FF,0,Y
1001,21,11758,14285,FS,3,Y
1002,9,14460,11767,FS,0,N
1003,1,11993,10189,SS,1,Y
1004,17,12915,13472,FF,0,N
1005,25,14667,15010,FS,0,Y
1006,24,13543,14965,FS,2,N
1007,18,13923,13674,FS,5,Y
1008,21,15277,14363,SS,3,Y
1009,16,14257,13149,SS,5,N
1010,4,14184,10679,FF,4,Y
1011,13,12386,12701,SS,4,N
1012,1,12839,10127,SS,0,Y
1013,8,13239,11586,SS,1,N
1014,12,15598,12468,FS,3,N
1015,26,13987,15393,FF,2,Y
1016,20,11252,14139,FS,1,N
1017,7,15315,11321,FS,3,N
1018,28,14992,15711,FF,3,N
1019,10,14083,12056,FS,0,N
1020,12,11014,12367,FS,4,N
1021,17,10086,13354,SS,2,N
1022,23,10564,14628,SS,3,Y
1023,12,11700,12411,FS,0,N
1024,7,14450,11458,FS,0,Y
1025,2,15265,10371,FS,2,N
1026,2,13762,10286,FF,4,Y
1027,1,10114,10096,SS,0,N
1028,14,12526,12754,FF,3,Y
1029,7,13405,11342,FS,4,N
1030,17,11627,13391,FF,2,N
1031,6,11633,11128,FS,3,N
1032,1,13980,10172,FS,3,Y
1033,9,11311,11755,FF,4,N
1034,6,11802,11079,FF,4,Y
1035,5,13192,11004,FF,1,Y
1036,11,14636,12334,FS,5,N
1037,25,12112,15138,FS,2,Y
1038,6,14243,11091,SS,4,Y
1039,16,10763,13193,SS,1,N
1040,11,15742,12223,FF,5,Y
1041,2,12335,10251,FF,4,N
1042,20,13814,14011,FS,4,Y
1043,14,12463,12897,FS,0,N
1044,26,13258,15292,SS,0,Y
1045,1,11275,10049,FF,1,N
1046,1,13310,10112,FF,4,Y
1047,21,14314,14190,SS,5,Y
1048,5,13624,10951,FS,2,N
1049,1,11452,10194,SS,4,Y
1050,11,13640,12274,FF,2,Y
1051,3,13138,10613,SS,5,Y
1052,28,15632,15614,FF,4,Y
1053,12,11443,12418,FF,3,Y
1054,1,14259,10153,FS,1,N
1055,1,13426,10110,SS,3,N
1056,25,12339,15159,SS,2,Y
1057,4,10732,10673,SS,0,Y
1058,10,10148,12114,SS,4,N
1059,8,12306,11708,SS,3,Y
1060,27,12903,15458,FF,4,N
1061,27,13372,15572,FF,3,Y
1062,10,12643,12109,FS,1,Y
1063,19,10597,13845,SS,2,N
1064,11,12558,12144,FF,4,Y
1065,7,15726,11421,FS,1,N
1066,26,12850,15231,SS,1,Y
1067,21,10481,14364,SS,2,Y
1068,6,14373,11190,SS,1,Y
1069,8,11090,11674,SS,1,Y
1070,19,14999,13804,SS,1,N
1071,11,13396,12220,SS,0,N
1072,24,11560,14946,FF,2,N
1073,15,10014,13034,FF,0,Y
1074,16,12504,13250,FF,5,N
1075,6,12606,11247,SS,0,Y
1076,16,12209,13237,FF,0,N
1077,5,12725,10883,SS,4,N
1078,25,11289,15083,FF,2,N
1079,3,11941,10568,FS,5,Y
1080,13,11234,12555,FF,3,Y
1081,9,14591,11858,FS,1,N
1082,27,12818,15429,FS,2,N
1083,23,12182,14718,FF,4,N
1084,17,12898,13388,FF,0,N
1085,2,15666,10316,FS,3,Y
1086,12,14379,12514,SS,1,N
1087,6,13395,11114,FS,2,N
1088,20,14001,14098,FF,1,Y
1089,26,11569,15379,FS,5,Y
1090,19,12804,13907,FF,2,N
1091,6,12511,11264,SS,1,Y
1092,6,14840,11245,FF,4,N
1093,7,14954,11395,FS,3,N
1094,6,13762,11236,FF,2,N
1095,22,15182,14555,FS,3,N
1096,16,10718,13257,FS,1,Y
1097,28,12961,15643,FF,5,Y
1098,11,11288,12308,FF,2,N
1099,8,13866,11701,SS,3,N
1100,15,10126,13007,SS,4,Y
1101,11,10636,12173,FF,1,Y
1102,12,10879,12374,SS,1,N
1103,20,13548,13970,FF,1,Y
1104,5,14860,10930,SS,1,N
1105,4,14997,10749,SS,4,Y
1106,20,10214,14049,FF,2,N
1107,25,10683,15121,SS,3,N
1108,18,11959,13667,SS,4,N
1109,18,15374,13665,FS,1,N
1110,5,11411,11058,FS,3,N
1111,19,10011,13945,FS,4,N
1112,24,13035,14925,SS,0,Y
1113,13,10571,12610,SS,2,N
1114,22,14167,14449,FF,4,Y
1115,2,10920,10230,SS,0,N
1116,17,15042,13474,FS,2,N
1117,21,11493,14296,SS,3,N
1118,20,15423,14083,FF,0,N
1119,14,14918,12756,FS,5,N
1120,9,15585,11875,FS,0,Y
1121,16,12880,13285,SS,2,Y
1122,20,12959,14014,SS,2,Y
1123,13,15484,12681,SS,5,N
1124,17,10232,13448,FS,5,Y
1125,16,10460,13183,SS,2,N
1126,3,12687,10595,FF,1,N
1127,9,14725,11876,SS,2,N
1128,11,13111,12174,FF,3,Y
1129,8,13644,11630,FS,5,N
1130,25,12116,14986,FF,2,N
1131,6,11515,11277,FS,1,Y
1132,24,11292,14855,FS,2,N
1133,23,11188,14742,SS,1,N
1134,8,11425,11676,FF,0,Y
1135,17,11288,13447,FF,4,N
1136,4,10370,10800,FF,2,Y
1137,9,14302,11864,FS,0,N
1138,6,12399,11147,SS,0,N
1139,4,14003,10732,FS,0,N
1140,18,15571,13627,SS,3,N
1141,15,12546,13076,FF,4,Y
1142,10,13178,12016,SS,0,N
1143,15,10479,13020,FF,1,N
1144,6,12682,11130,SS,0,Y
1145,17,12963,13453,SS,4,Y
1146,6,13215,11179,FS,3,Y
1147,13,15622,12632,FS,0,N
1148,15,10553,12943,SS,2,Y
1149,12,15594,12414,FS,0,Y
1150,1,12633,10181,FS,4,N
1151,1,13412,10025,FF,1,Y
1152,23,11563,14579,FF,2,N
1153,6,14966,11183,SS,0,N
1154,11,13326,12186,SS,4,Y
1155,14,11719,12929,SS,4,N
1156,3,13858,10432,SS,1,Y
1157,8,14704,11709,SS,2,N
1158,3,14612,10570,FF,1,N
1159,17,13228,13436,FF,2,N
1160,12,10220,12452,FS,5,Y
1161,14,15688,12854,FS,4,N
1162,15,13843,13114,FF,4,Y
1163,28,14350,15731,FF,3,N
1164,19,13946,13748,FF,4,Y
1165,23,15623,14694,FS,2,Y
1166,25,11100,15056,FS,0,N
1167,10,12233,12039,FS,3,N
1168,27,15051,15452,FS,2,N
1169,10,11803,11986,FF,4,Y
1170,21,15063,14263,FF,0,N
1171,22,15116,14417,SS,5,N
1172,7,11332,11330,FS,4,Y
1173,1,14114,10133,FS,4,N
1174,6,14390,11284,SS,2,N
1175,26,11343,15306,FF,3,Y
1176,8,10556,11515,SS,1,N
1177,20,14847,14106,FF,3,N
1178,27,14307,15515,SS,3,N
1179,6,12730,11097,FF,5,Y
1180,16,13240,13307,FS,4,Y
1181,25,15612,15158,FS,3,Y
1182,10,14899,12044,FF,2,N
1183,28,13923,15617,FF,4,Y
1184,13,10121,12537,FF,4,N
1185,27,14063,15517,FF,4,N
1186,15,15714,13041,SS,5,N
1187,3,13725,10427,FS,3,N
1188,20,13114,14147,FF,1,Y
1189,14,15233,12811,SS,2,N
1190,18,11938,13664,SS,2,N
1191,22,14348,14546,SS,2,Y
1192,18,11223,13611,SS,5,N
1193,8,13644,11524,FF,5,N
1194,20,13569,14047,FS,1,N
1195,13,15071,12606,SS,5,Y
1196,4,13129,10842,FF,4,Y
1197,23,14038,14692,FF,0,N
1198,17,15139,13398,FS,0,N
1199,8,11750,11539,FS,0,Y
1200,1,11869,10132,FF,5,Y
1201,6,11330,11164,FF,5,N
1202,6,12025,11273,FF,0,N
1203,2,12662,10246,FF,0,N
1204,23,13194,14700,FS,5,N
1205,13,10950,12712,FS,4,N
1206,19,15666,13867,FF,2,Y
1207,11,15046,12126,FF,3,Y
1208,28,10087,15712,FS,3,Y
1209,11,10335,12272,FS,5,Y
1210,28,14090,15672,SS,0,N
1211,13,14377,12630,FS,1,Y
1212,6,13818,11228,FF,1,Y
1213,18,10515,13554,FS,5,Y
1214,14,10510,12821,FS,1,Y
1215,1,10989,10119,FS,3,Y
1216,9,10492,11758,FF,2,Y
1217,11,10208,12209,FF,3,Y
1218,1,13965,10090,FS,0,Y
1219,18,10705,13644,FF,2,Y
1220,10,10281,12058,FS,0,Y
1221,24,10655,14944,FS,3,Y
1222,7,10062,11436,FF,2,Y
1223,3,14613,10589,FF,5,Y
1224,26,13501,15205,FF,1,Y
1225,15,15106,12949,FS,1,N
1226,23,13777,14586,FS,0,N
1227,6,10453,11107,FF,3,Y
1228,24,11304,14789,SS,2,N
1229,4,13770,10682,SS,5,Y
1230,4,10475,10709,FS,5,N
1231,19,11231,13782,FF,1,Y
1232,9,15274,11808,SS,3,Y
1233,13,14152,12685,FS,3,N
1234,3,10463,10413,FF,4,N
1235,28,13192,15629,FS,3,Y
1236,8,11879,11719,SS,4,N
1237,7,10300,11435,FF,0,Y
1238,5,10905,10978,FS,1,N
1239,24,10456,14870,FF,2,N
1240,19,14209,13836,FS,0,Y
1241,24,11153,14899,FF,4,N
1242,28,10248,15701,FF,1,Y
1243,13,15266,12588,FF,5,Y
1244,16,10052,13232,FS,2,N
1245,7,11106,11465,FS,5,N
1246,22,13433,14394,FF,5,N
1247,11,12665,12332,SS,5,Y
1248,11,13416,12319,FS,1,N
1249,28,12036,15603,SS,3,Y
1250,8,13036,11700,FS,0,Y
1251,10,13000,12022,SS,4,N
1252,27,12066,15524,FS,3,Y
1253,2,14623,10357,FS,5,Y
1254,16,15320,13144,SS,3,N
1255,10,12089,12055,FF,0,Y
1256,12,12117,12433,FS,0,Y
1257,28,10689,15661,FF,2,Y
1258,26,14629,15360,FS,0,N
1259,13,12189,12652,SS,0,Y
1260,13,11291,12545,SS,3,Y
1261,23,13220,14750,SS,4,Y
1262,9,11145,11770,FS,4,N
1263,12,11864,12361,SS,0,Y
1264,2,14082,10400,FF,1,Y
1265,3,13369,10639,FS,1,Y
1266,8,13499,11558,FS,2,N
1267,27,15221,15449,FS,1,N
1268,19,12275,13958,FS,0,Y
1269,6,14683,11262,FS,3,Y
1270,19,14941,13859,FS,3,N
1271,22,11568,14411,SS,4,N
1272,11,12907,12324,FS,3,Y
1273,5,15386,10918,FF,5,Y
1274,22,10047,14396,FF,4,N
1275,13,13474,12605,FF,2,Y
1276,11,13178,12142,FS,0,Y
1277,6,15023,11144,FS,3,Y
1278,5,14960,10888,FF,3,N
1279,27,13914,15521,FS,3,N
1280,1,11583,10007,SS,4,Y
1281,22,12636,14500,FF,5,N
1282,8,14474,11500,FS,5,N
1283,2,12178,10268,FS,1,N
1284,13,14452,12615,SS,1,N
1285,25,14686,15163,FF,2,Y
1286,12,12235,12432,SS,5,N
1287,10,15086,12083,FF,4,N
1288,10,11608,12035,FS,3,Y
1289,3,14547,10572,SS,4,Y
1290,24,12783,14943,FS,5,N
1291,18,15376,13689,SS,2,N
1292,18,15036,13629,FS,2,N
1293,22,14749,14487,SS,0,N
1294,8,15126,11584,FF,1,N
1295,3,10928,10518,SS,2,N
1296,4,15379,10787,FS,1,Y
1297,20,10298,14039,FF,0,Y
1298,18,12794,13672,FS,3,N
1299,27,13116,15435,FS,5,N
1300,7,10238,11443,FS,0,N
1301,22,13281,14386,SS,1,Y
1302,25,14811,15073,FF,1,Y
1303,1,10031,10052,FF,0,N
1304,16,12481,13136,FF,4,N
1305,8,10961,11603,FF,0,Y
1306,23,12639,14675,FS,2,N
1307,3,10646,10512,FF,2,Y
1308,9,12294,11877,SS,3,Y
1309,19,11493,13871,FF,2,Y
1310,28,14056,15678,FS,3,Y
1311,4,10120,10675,FS,5,N
1312,15,13382,12979,SS,5,N
1313,16,10472,13166,FS,4,Y
1314,4,13678,10651,FS,0,N
1315,12,10700,12502,SS,4,Y
1316,1,14257,10213,FF,3,Y
1317,15,10369,13025,FS,1,N
1318,13,15487,12736,SS,0,N
1319,22,10927,14379,SS,3,N
1320,25,15404,15045,FF,4,Y
1321,1,13925,10061,FF,0,N
1322,15,11311,13118,FF,0,N
1323,16,10204,13280,FS,1,N
1324,18,15718,13539,SS,5,N
1325,3,15041,10492,FF,0,Y
1326,2,12497,10397,FS,4,N
1327,2,10634,10279,FS,2,N
1328,12,13538,12504,FS,5,N
1329,16,14029,13332,FF,5,N
1330,21,14534,14349,FS,5,Y
1331,14,14969,12866,FF,1,N
1332,3,14547,10423,SS,2,N
1333,5,14403,11061,FF,1,Y
1334,4,10671,10662,FF,2,N
1335,8,14811,11666,SS,3,N
1336,15,12370,12942,FF,0,Y
1337,17,13853,13415,SS,1,Y
1338,19,13344,13824,FS,1,Y
1339,1,13007,10063,FS,3,N
1340,12,14768,12422,SS,2,Y
1341,3,13569,10610,SS,4,N
1342,7,14311,11484,FF,3,Y
1343,22,12823,14402,SS,1,Y
1344,11,12549,12159,SS,3,N
1345,8,15512,11635,FS,1,Y
1346,5,14366,11047,FF,3,N
1347,4,13368,10824,SS,3,Y
1348,25,13656,15170,SS,2,Y
1349,9,15661,11747,SS,3,N
1350,4,11620,10696,SS,2,N
1351,6,13366,11272,SS,3,Y
1352,15,14126,13062,SS,4,N
1353,19,12285,13739,FF,3,N
1354,1,10745,10187,SS,1,N
1355,18,10476,13675,SS,0,Y
1356,13,10075,12715,FS,0,N
1357,3,14094,10547,SS,1,N
1358,3,12216,10636,FS,3,N
1359,24,14535,14811,FS,3,Y
1360,4,13726,10688,FS,2,N
1361,7,11898,11431,FF,0,Y
1362,24,12758,14955,SS,3,Y
1363,22,10030,14504,FS,5,Y
1364,4,15265,10768,FF,0,Y
1365,26,14141,15298,FS,2,Y
1366,2,12426,10256,SS,5,Y
1367,12,13749,12384,FF,2,N
1368,23,14589,14658,FF,3,Y
1369,8,12613,11633,SS,5,Y
1370,21,10636,14372,SS,0,N
1371,5,10744,10952,FF,0,N
1372,11,11228,12277,FF,3,N
1373,22,15593,14528,FF,2,N
1374,5,10061,11013,FS,2,N
1375,8,12299,11716,FS,2,Y
1376,18,12330,13569,FF,2,N
1377,10,14567,12100,FS,4,Y
1378,16,14244,13306,FF,0,N
1379,13,10120,12623,FS,5,N
1380,18,14799,13684,FS,4,N
1381,2,13255,10361,FS,1,Y
1382,5,11665,11062,FS,5,Y
1383,8,10446,11649,FF,2,N
1384,27,13322,15526,FF,2,Y
1385,3,15148,10585,FS,1,Y
1386,26,14257,15300,FF,4,Y
1387,13,13802,12573,FS,1,N
1388,17,15261,13471,FS,4,Y
1389,9,11932,11791,FF,4,Y
1390,23,10521,14598,SS,5,Y
1391,2,13903,10379,FS,5,Y
1392,4,15681,10668,FF,3,Y
1393,15,10329,13021,SS,4,Y
1394,15,11481,13037,FS,1,N
1395,24,13205,14907,FS,1,Y
1396,13,13303,12586,FS,2,Y
1397,20,13203,14069,FS,3,N
1398,18,13908,13729,SS,5,Y
1399,6,12211,11153,SS,4,Y
1400,20,12287,14167,FS,1,N
1401,22,11320,14483,SS,4,N
1402,3,10339,10424,FF,5,N
1403,1,15578,10140,FF,0,N
1404,10,12380,11901,FF,5,N
1405,3,11743,10415,FF,5,Y
1406,10,15450,12051,SS,5,Y
1407,8,12512,11538,FF,4,N
1408,9,13439,11796,FS,0,Y
1409,12,10180,12406,FF,4,N
1410,25,14677,15072,FS,2,N
1411,27,12023,15454,SS,2,N
1412,21,15506,14355,SS,5,N
1413,25,12014,15106,FS,3,Y
1414,16,13097,13200,FS,5,Y
1415,9,12641,11741,FF,3,Y
1416,22,15700,14414,FF,5,Y
1417,16,10520,13227,SS,5,Y
1418,3,12099,10461,SS,4,N
1419,1,13623,10157,FF,5,Y
1420,22,14524,14514,FF,4,Y
1421,26,14504,15211,FS,2,Y
1422,19,11441,13830,FF,2,N
1423,3,11221,10530,FF,3,Y
1424,3,15244,10493,FS,2,Y
1425,13,11768,12692,FS,4,N
1426,28,11358,15625,SS,5,N
1427,12,15349,12499,SS,2,Y
1428,4,10366,10722,SS,1,Y
1429,8,14099,11592,FF,4,N
1430,6,11077,11125,FF,5,Y
1431,1,14134,10088,FF,5,Y
1432,20,14557,14060,SS,5,N
1433,24,14171,14853,FF,0,Y
1434,5,11489,10941,FS,1,Y
1435,12,11144,12388,SS,2,Y
1436,20,13428,14020,FF,2,N
1437,8,10508,11525,FS,5,Y
1438,3,10469,10514,FS,2,Y
1439,28,15631,15735,SS,2,Y
1440,8,10904,11626,FS,3,Y
1441,4,13376,10669,FF,1,N
1442,4,10972,10645,FS,1,N
1443,13,11237,12567,FS,0,Y
1444,1,11690,10215,SS,2,N
1445,19,15488,13910,SS,4,Y
1446,17,13852,13452,FF,0,Y
1447,6,10191,11298,SS,2,N
1448,27,14376,15545,SS,4,N
1449,9,11390,11859,FS,4,Y
1450,28,15581,15673,FS,5,N
1451,13,12676,12611,FF,3,Y
1452,17,10778,13468,FF,5,Y
1453,28,13011,15739,SS,0,Y
1454,1,11944,10076,FS,1,N
1455,9,14332,11766,FS,5,N
1456,24,13930,14957,FS,5,N
1457,15,10236,13084,FS,5,N
1458,7,15457,11382,FF,4,N
1459,21,12130,14316,FF,3,N
1460,13,13027,12718,FF,4,Y
1461,25,15346,14979,SS,2,Y
1462,23,12534,14720,SS,2,N
1463,26,11776,15234,SS,1,N
1464,24,14200,14782,SS,2,Y
1465,8,15245,11648,FS,4,N
1466,21,15491,14270,FF,1,Y
1467,6,13450,11258,FF,2,Y
1468,19,12022,13883,FS,5,Y
1469,14,11308,12781,SS,4,Y
1470,15,10668,12971,FS,5,N
1471,10,12444,11985,SS,4,N
1472,27,14310,15447,FS,0,Y
1473,23,10333,14746,SS,1,Y
1474,26,14540,15378,SS,3,N
1475,20,13779,14007,FF,4,Y
1476,5,13223,10910,FF,0,Y
1477,21,10807,14226,FF,3,N
1478,25,15460,15122,FS,2,N
1479,23,15498,14618,SS,1,Y
1480,9,12681,11821,FS,3,N
1481,28,14873,15658,SS,5,N
1482,14,11087,12844,FS,4,N
1483,22,14889,14437,FS,1,N
1484,6,14099,11126,FS,1,Y
1485,18,13277,13553,FF,2,Y
1486,26,11333,15312,FS,0,Y
1487,8,14548,11645,FF,3,Y
1488,10,12650,12041,FS,5,Y
1489,12,13414,12417,FF,4,N
1490,23,12142,14653,SS,1,Y
1491,22,12394,14569,FF,3,N
1492,17,10813,13364,SS,0,N
1493,12,15453,12442,FS,5,Y
1494,17,15040,13405,FS,4,Y
1495,19,13753,13892,FS,5,N
1496,6,10170,11146,SS,0,N
1497,28,15533,15664,FF,0,Y
1498,1,12633,10003,FF,0,N
1499,10,12685,11983,FF,2,Y
1500,24,11309,14812,SS,0,N
1501,14,14540,12742,FF,0,Y
1502,8,15276,11522,FS,1,N
1503,23,13287,14631,SS,4,N
1504,18,14843,13694,FF,5,N
1505,4,12227,10654,SS,5,N
1506,8,11797,11562,FF,0,Y
1507,13,11111,12548,FS,2,Y
1508,8,14957,11581,FF,5,N
1509,25,13057,14997,FS,2,N
1510,16,11678,13204,FF,5,Y
1511,15,14877,13063,SS,1,Y
1512,4,15611,10786,FS,1,Y
1513,25,10036,15161,SS,3,Y
1514,20,13534,13985,SS,5,N
1515,1,14420,10038,FS,4,Y
1516,25,10570,15017,SS,1,Y
1517,11,13498,12135,FF,0,N
1518,4,15473,10745,SS,0,Y
1519,8,13588,11647,FS,4,Y
1520,10,12546,11992,SS,3,N
1521,5,12637,10965,SS,0,Y
1522,3,12001,10542,FF,2,Y
1523,16,13883,13312,FF,1,Y
1524,3,10143,10534,SS,4,N
1525,12,15669,12471,SS,0,N
1526,3,11312,10634,SS,4,Y
1527,26,11047,15344,FF,1,N
1528,20,12407,14006,FS,5,N
1529,22,10514,14568,SS,0,Y
1530,17,15373,13378,FS,0,Y
1531,3,12275,10591,FF,5,Y
1532,21,14535,14317,FF,3,Y
1533,5,14947,10887,SS,0,N
1534,26,14511,15236,FF,5,Y
1535,14,11751,12746,SS,1,Y
1536,21,10338,14184,SS,2,Y
1537,3,15009,10496,SS,4,Y
1538,18,11460,13668,FS,4,N
1539,18,14434,13643,SS,1,Y
1540,2,11165,10363,FF,4,Y
1541,25,11598,15171,SS,1,Y
1542,6,15227,11151,SS,3,N
1543,15,12727,12939,SS,2,N
1544,18,15420,13606,FF,2,Y
1545,12,11556,12465,SS,5,Y
1546,24,14446,14769,FF,0,N
1547,5,15725,11033,SS,3,N
1548,21,13663,14224,FF,1,Y
1549,22,10338,14453,FS,4,N
1550,21,12962,14329,FS,0,Y
1551,28,14268,15733,FF,1,N
1552,4,14826,10663,SS,0,Y
1553,9,14777,11842,SS,0,Y
1554,23,11716,14682,SS,5,N
1555,10,13781,11990,FS,5,Y
1556,25,14440,14987,FF,3,N
1557,1,11866,10071,FS,1,N
1558,19,13611,13807,FS,4,N
1559,16,13933,13327,FF,0,Y
1560,8,11374,11577,FF,5,Y
1561,11,15465,12259,SS,4,Y
1562,3,11588,10579,SS,5,Y
1563,11,12009,12298,FF,1,N
1564,19,14204,13862,FF,1,N
1565,6,13811,11259,FF,1,Y
1566,23,11910,14678,FS,0,N
1567,26,12319,15237,SS,4,Y
1568,24,13012,14796,FS,2,N
1569,7,12114,11313,SS,2,N
1570,2,10077,10362,FF,4,N
1571,10,15544,11941,FS,4,N
1572,20,13714,14161,FS,4,Y
1573,17,11331,13372,SS,4,N
1574,16,10596,13243,FS,0,N
1575,18,15012,13561,FS,5,Y
1576,20,14004,14080,FS,4,N
1577,9,11115,11803,SS,2,Y
1578,8,15742,11650,FS,1,Y
1579,12,12490,12454,FF,3,N
1580,25,13055,15164,SS,5,Y
1581,28,12204,15619,FF,4,N
1582,11,11164,12243,SS,3,Y
1583,18,11965,13619,FS,1,Y
1584,25,10404,15002,SS,2,N
1585,19,15393,13786,SS,0,Y
1586,23,15364,14697,SS,3,N
1587,21,13288,14283,SS,4,Y
1588,12,12631,12463,SS,2,Y
1589,11,13441,12245,FS,1,Y
1590,22,10687,14389,SS,5,N
1591,1,14365,10010,SS,1,Y
1592,16,10574,13133,FF,2,Y
1593,3,15472,10406,FF,0,Y
1594,5,13829,10874,FF,3,N
1595,15,12479,13067,FF,5,N
1596,19,13237,13790,SS,5,Y
1597,22,15375,14425,SS,0,Y
1598,19,13487,13894,FS,1,N
1599,28,11904,15729,FF,2,Y
1600,17,11583,13414,SS,4,Y
1601,25,15555,15167,FF,4,N
1602,26,11956,15232,SS,3,N
1603,14,10507,12750,FS,3,N
1604,8,11062,11628,FF,3,Y
1605,15,10634,13060,FS,5,N
1606,13,14647,12587,SS,2,N
1607,4,14244,10856,FF,3,Y
1608,3,13289,10446,SS,4,Y
1609,20,14412,14160,FF,3,N
1610,26,11635,15243,SS,2,Y
1611,7,11657,11430,FS,0,Y
1612,2,11105,10285,FF,1,N
1613,24,12447,14785,FF,4,N
1614,14,12187,12739,FF,4,Y
1615,23,10676,14619,SS,2,Y
1616,28,15550,15693,FF,3,Y
1617,27,12360,15513,SS,4,N
1618,19,10120,13899,SS,1,N
1619,13,13324,12655,FS,0,N
1620,10,13249,12118,FF,3,Y
1621,8,15513,11545,FF,3,N
1622,12,11999,12426,FS,1,Y
1623,28,11256,15642,FF,0,Y
1624,25,12558,15107,FF,3,Y
1625,16,14935,13272,FF,2,Y
1626,19,13607,13737,FF,5,N
1627,26,10552,15400,FS,2,N
1628,24,14063,14866,FS,1,N
1629,6,15149,11145,SS,4,N
1630,8,12205,11713,FF,4,Y
1631,17,13579,13418,FS,5,N
1632,21,10718,14267,FS,0,Y
1633,14,14897,12926,SS,0,N
1634,6,15316,11257,FF,3,N
1635,3,14750,10499,FS,0,N
1636,9,11349,11815,SS,1,N
1637,10,10577,11926,FS,4,Y
1638,15,14743,13071,FS,1,N
1639,8,12175,11722,FS,3,N
1640,15,14226,12984,FS,3,N
1641,2,11133,10380,SS,2,N
1642,22,14052,14507,SS,2,N
1643,11,13343,12154,FF,4,N
1644,15,10718,12958,FS,4,N
1645,10,15452,12029,FS,1,Y
1646,26,11502,15391,FF,1,N
1647,20,15084,14169,FS,2,N
1648,15,10323,13024,FF,4,N
1649,5,13980,11053,FF,4,N
1650,1,10149,10191,FS,1,Y
1651,4,14192,10741,FS,1,Y
1652,11,13594,12270,FS,5,Y
1653,8,10042,11721,SS,2,Y
1654,20,13920,14152,FF,2,N
1655,12,12010,12377,FF,1,Y
1656,11,11052,12153,SS,2,Y
1657,19,14607,13853,SS,1,N
1658,20,14230,14164,FS,3,Y
1659,8,10135,11550,FS,1,Y
1660,3,15195,10487,FF,1,Y
1661,26,14461,15238,SS,1,N
1662,22,11485,14492,SS,5,N
1663,27,14025,15585,SS,3,N
1664,27,12980,15563,FS,4,Y
1665,26,14858,15266,FF,2,N
1666,1,11385,10141,FS,5,N
1667,21,13708,14266,SS,3,Y
1668,1,11159,10209,SS,0,N
1669,14,14482,12889,SS,1,N
1670,2,14450,10315,FF,0,N
1671,13,13321,12676,SS,2,N
1672,22,10945,14410,FF,3,N
1673,20,12455,14013,SS,0,Y
1674,1,15611,10151,FS,4,N
1675,1,14391,10023,FF,0,Y
1676,25,13774,15025,FS,4,N
1677,14,11054,12883,FF,5,Y
1678,7,11450,11332,FF,3,Y
1679,21,15106,14203,FF,5,N
1680,13,14197,12572,FF,5,N
1681,4,12861,10658,FS,2,N
1682,2,12700,10308,FF,1,N
1683,11,12577,12255,SS,0,N
1684,7,15039,11383,SS,2,N
1685,13,15507,12589,SS,4,Y
1686,7,12104,11335,FS,0,N
1687,20,13837,14085,FS,3,N
1688,23,15681,14589,SS,1,N
1689,10,12165,12002,SS,2,N
1690,26,15647,15261,FF,0,Y
1691,10,10763,11972,SS,5,Y
1692,19,13588,13781,FS,3,Y
1693,18,10941,13733,FF,5,Y
1694,9,15001,11833,SS,3,N
1695,20,15296,14176,FS,5,N
1696,12,13103,12482,FF,0,N
1697,19,12064,13763,FF,1,N
1698,5,14385,10940,FF,3,N
1699,23,13736,14736,SS,2,Y
1700,13,12068,12633,FF,1,Y
1701,28,13540,15705,SS,1,Y
1702,22,10033,14413,SS,1,Y
1703,20,11575,14057,SS,3,N
1704,24,14984,14761,FF,2,Y
1705,27,14069,15465,FF,2,Y
1706,8,13244,11527,FS,3,N
1707,15,10544,13061,FF,3,Y
1708,18,11585,13636,FF,2,Y
1709,8,13752,11528,FS,2,Y
1710,8,10629,11724,FF,0,Y
1711,27,10262,15531,SS,2,Y
1712,20,14561,14062,FF,2,Y
1713,20,12798,14148,SS,2,Y
1714,8,13372,11556,SS,0,Y
1715,28,11379,15688,FF,0,N
1716,3,14819,10421,SS,4,N
1717,4,10795,10762,SS,5,Y
1718,13,10642,12560,FS,1,N
1719,28,14436,15699,FS,2,Y
1720,11,11642,12158,FS,1,Y
1721,24,15638,14764,SS,2,N
1722,17,11929,13390,FS,4,N
1723,2,15432,10341,FS,5,Y
1724,22,12697,14403,FF,0,N
1725,28,13887,15646,FF,3,N
1726,22,10920,14536,FS,4,N
1727,17,11881,13439,FF,1,Y
1728,21,13170,14241,SS,2,N
1729,5,12003,10885,SS,3,N
1730,22,14010,14381,FS,5,N
1731,11,12204,12180,FS,3,N
1732,20,15370,14016,SS,0,N
1733,7,13762,11442,FF,2,N
1734,23,11163,14614,FS,1,N
1735,13,10471,12659,SS,5,N
1736,2,10605,10393,FF,3,N
1737,6,14659,11287,FS,2,Y
1738,18,10004,13567,SS,2,N
1739,13,10577,12622,SS,1,N
1740,28,12796,15689,FS,3,N
1741,8,11158,11546,SS,0,N
1742,4,13705,10711,FS,0,Y
1743,11,10002,12305,SS,3,Y
1744,1,15660,10099,FF,3,N
1745,27,11234,15546,FS,5,Y
1746,5,12985,10891,FF,3,Y
1747,26,14324,15421,FS,4,Y
1748,6,15732,11171,FS,5,N
1749,19,13304,13940,FS,5,N
1750,13,10662,12700,FS,5,Y
1751,5,12564,11040,SS,1,N
1752,28,10547,15706,SS,5,Y
1753,26,15642,15319,FS,0,Y
1754,14,11243,12800,FS,1,N
1755,6,12929,11154,FF,5,Y
1756,20,10858,14036,FS,4,Y
1757,5,13371,11063,FF,5,N
1758,19,14965,13770,FS,1,Y
1759,19,13718,13760,FS,1,Y
1760,26,12359,15254,FF,2,N
1761,15,12194,13016,FF,4,N
1762,20,11836,14005,FF,0,N
1763,7,11621,11466,SS,1,Y
1764,17,13485,13343,FS,1,Y
1765,26,14637,15235,FS,2,Y
1766,24,13684,14842,SS,3,N
1767,19,12713,13933,SS,3,N
1768,21,14709,14315,SS,1,N
1769,14,12805,12841,FF,3,Y
1770,4,13923,10671,SS,4,N
1771,6,15296,11263,FF,4,Y
1772,21,11625,14269,FF,4,Y
1773,4,12096,10714,FF,4,Y
1774,18,11057,13545,FS,1,N
1775,15,14757,13074,FF,4,N
1776,22,10998,14562,SS,5,N
1777,6,10833,11197,FF,4,N
1778,3,13985,10417,FF,0,Y
1779,19,11546,13855,FF,5,N
1780,18,13256,13573,FS,5,N
1781,13,10933,12721,SS,2,Y
1782,22,11910,14432,FS,0,N
1783,14,14007,12887,FS,1,N
1784,15,13246,12980,FF,3,N
1785,21,10519,14338,FS,2,Y
1786,10,15356,12102,FF,0,N
1787,21,10678,14205,FF,1,N
1788,19,14244,13746,SS,0,N
1789,25,11519,15058,FS,5,Y
1790,27,13954,15462,SS,0,N
1791,10,11770,12020,FF,4,Y
1792,13,15041,12656,FS,4,N
1793,18,13440,13633,FF,2,N
1794,25,12116,15030,FF,5,Y
1795,15,10531,12957,FF,2,N
1796,12,13407,12448,FS,5,N
1797,14,11300,12795,FF,3,N
1798,26,13729,15253,FS,5,N
1799,6,14218,11237,FF,0,N
1800,8,11663,11675,SS,3,N
1801,16,10127,13222,SS,2,Y
1802,8,12041,11704,FF,1,N
1803,11,15184,12316,FF,1,Y
1804,5,12298,10899,FS,3,N
1805,25,14988,15039,FF,5,N
1806,17,11430,13366,SS,5,Y
1807,24,14644,14843,SS,4,Y
1808,7,10625,11399,FS,4,Y
1809,1,12412,10201,FF,4,Y
1810,9,14363,11728,FF,1,Y
1811,20,10641,14151,SS,5,Y
1812,3,14185,10573,FS,2,Y
1813,13,15108,12733,FS,4,Y
1814,4,15290,10735,FS,0,Y
1815,20,14316,14068,FS,3,Y
1816,12,12525,12390,FF,2,Y
1817,6,15072,11207,SS,2,N
1818,12,13343,12437,FS,4,N
1819,24,14133,14837,SS,5,N
1820,13,14815,12647,SS,3,N
1821,6,13069,11230,FS,3,N
1822,14,11819,12785,FF,5,Y
1823,3,10289,10600,FF,1,Y
1824,18,14151,13653,FS,1,Y
1825,21,14815,14369,FF,5,Y
1826,10,12331,12080,SS,3,N
1827,16,13158,13215,FF,3,Y
1828,7,10695,11464,FF,1,N
1829,2,15568,10401,SS,4,N
1830,13,10976,12583,FF,5,Y
1831,16,12654,13131,FS,5,N
1832,9,15381,11777,SS,4,N
1833,9,12543,11885,SS,2,Y
1834,3,11227,10515,SS,1,N
1835,6,10848,11115,FS,1,Y
1836,2,11529,10399,SS,5,N
1837,27,13807,15498,FF,5,Y
1838,3,11221,10494,FS,5,Y
1839,24,12191,14823,SS,4,Y
1840,12,15432,12407,SS,4,Y
1841,5,12946,10994,SS,2,Y
1842,14,12253,12763,SS,1,N
1843,23,15061,14673,FS,0,Y
1844,4,13981,10815,FS,4,Y
1845,1,14497,10020,FF,4,N
1846,7,10556,11345,FS,4,N
1847,13,14508,12719,FS,0,N
1848,20,10810,14129,SS,2,N
1849,5,13446,10892,FS,0,N
1850,4,14801,10649,FF,5,Y
1851,8,15503,11506,SS,4,N
1852,24,11663,14880,FF,0,Y
1853,21,10616,14287,FF,1,N
1854,18,12951,13673,FS,0,N
1855,11,13509,12225,FS,0,N
1856,5,13239,11036,FF,3,N
1857,19,13712,13878,FS,0,N
1858,2,10476,10220,SS,0,N
1859,10,15208,11896,SS,4,Y
1860,15,12366,13080,SS,2,Y
1861,24,14229,14784,FF,5,N
1862,19,13148,13886,SS,5,N
1863,2,10364,10281,FS,3,N
1864,21,10198,14332,SS,5,N
1865,20,15397,14043,SS,2,N
1866,26,12493,15357,SS,1,Y
1867,18,10104,13660,FS,1,N
1868,1,14143,10134,FF,0,Y
1869,28,12276,15665,FF,1,N
1870,19,11325,13896,FF,2,N
1871,21,13774,14303,FF,5,Y
1872,25,12945,15136,SS,3,N
1873,4,12914,10739,SS,2,Y
1874,11,13720,12130,FF,2,N
1875,4,11455,10822,SS,5,Y
1876,11,10736,12227,SS,3,N
1877,11,13844,12281,SS,3,N
1878,22,12790,14393,FF,3,N
1879,8,12709,11510,SS,1,N
1880,7,11868,11415,SS,0,Y
1881,16,13948,13295,FS,1,N
1882,13,15213,12645,FS,0,N
1883,1,12853,10135,SS,0,N
1884,25,11773,15182,FS,2,Y
1885,15,12097,13064,SS,4,N
1886,1,12347,10001,FF,1,N
1887,17,14938,13470,SS,1,N
1888,12,14914,12444,FF,4,N
1889,10,12933,12036,FS,1,Y
1890,23,14938,14677,FF,0,Y
1891,3,13762,10601,FS,4,Y
1892,4,10470,10702,FF,0,Y
1893,8,10511,11702,FF,0,Y
1894,28,13567,15599,FS,5,N
1895,13,12233,12672,FF,5,Y
1896,25,10916,15055,FS,1,Y
1897,12,10155,12409,SS,2,Y
1898,2,11493,10277,FF,2,Y
1899,21,11056,14301,FF,2,Y
1900,14,11616,12786,FS,0,N
1901,23,11931,14660,SS,5,N
1902,9,15637,11792,SS,3,N
1903,10,14492,12018,SS,3,N
1904,24,11680,14864,FF,1,Y
1905,14,13334,12741,SS,0,Y
1906,21,13648,14322,SS,4,N
1907,4,11189,10855,SS,0,Y
1908,3,10351,10488,FF,1,N
1909,20,13996,14099,FF,3,Y
1910,11,12581,12317,FF,3,N
1911,1,14188,10182,SS,3,N
1912,3,11103,10593,FS,0,N
1913,16,10120,13185,FS,0,N
1914,8,14775,11609,FF,2,Y
1915,28,14006,15607,FF,2,N
1916,10,11946,12040,SS,1,Y
1917,23,12094,14634,SS,5,N
1918,1,12305,10100,FF,3,N
1919,14,14503,12863,FF,4,N
1920,21,10372,14340,FF,5,N
1921,28,14137,15743,FF,2,Y
1922,1,11104,10027,FS,3,N
1923,24,12589,14873,SS,5,N
1924,3,13159,10414,FS,0,N
1925,2,12406,10358,FF,4,Y
1926,28,10077,15648,FS,2,N
1927,16,11595,13214,FS,3,N
1928,18,14427,13557,SS,3,N
1929,22,10257,14495,FS,5,Y
1930,21,15426,14265,FF,5,Y
1931,22,14734,14524,FF,2,Y
1932,6,14306,11189,FS,2,N
1933,6,15670,11083,FF,4,N
1934,19,13774,13813,SS,1,N
1935,1,12696,10016,FF,5,Y
1936,1,10883,10204,SS,5,N
1937,1,10789,10037,SS,2,Y
1938,24,12426,14893,SS,1,N
1939,3,10131,10436,FF,3,N
1940,3,15179,10590,FF,1,Y
1941,6,11268,11075,SS,0,Y
1942,21,12552,14321,FS,4,N
1943,21,11168,14353,FS,1,N
1944,4,10653,10659,SS,5,Y
1945,7,11823,11454,FS,3,N
1946,2,14323,10335,SS,5,Y
1947,1,11351,10021,FS,0,N
1948,1,12434,10013,SS,4,Y
1949,24,10858,14759,FS,3,Y
1950,18,14017,13701,SS,0,N
1951,19,14206,13838,FS,3,Y
1952,9,15116,11756,FF,0,N
1953,14,12758,12937,FS,3,Y
1954,11,13807,12265,SS,2,Y
1955,23,11422,14641,FF,4,Y
1956,8,12457,11531,FF,4,N
1957,3,14350,10541,FS,2,Y
1958,20,11471,13992,SS,5,Y
1959,11,11780,12204,FS,1,Y
1960,16,15121,13203,SS,5,Y
1961,24,12294,14949,FF,2,Y
1962,10,13678,12028,FS,4,Y
1963,28,13754,15745,FS,4,N
1964,17,15679,13434,FS,0,Y
1965,22,15641,14552,SS,0,N
1966,16,14751,13270,FS,1,N
1967,11,12318,12162,FS,5,Y
1968,8,14208,11496,FF,0,Y
1969,17,15026,13404,SS,2,N
1970,3,11395,10581,FS,4,Y
1971,18,11249,13671,FF,1,N
1972,24,12883,14879,FS,1,Y
1973,27,12087,15439,FS,1,N
1974,27,11845,15539,FS,3,N
1975,3,11598,10480,FF,4,N
1976,10,10145,11922,FS,1,Y
1977,9,10855,11802,FF,1,Y
1978,21,10117,14254,FF,3,Y
1979,22,13056,14434,FF,1,N
1980,27,14844,15443,FS,0,N
1981,1,13823,10064,FS,4,Y
1982,7,12156,11338,FF,0,Y
1983,16,10137,13191,SS,2,Y
1984,4,11714,10790,FF,5,N
1985,14,12788,12890,SS,3,Y
1986,27,12230,15436,SS,1,Y
1987,26,11801,15201,FF,3,N
1988,22,11537,14505,FF,1,Y
1989,16,12068,13174,SS,3,Y
1990,6,13648,11122,FS,3,N
1991,2,11039,10260,SS,0,N
1992,10,13374,11969,FF,4,Y
1993,4,10781,10706,SS,4,N
1994,11,13688,12200,FS,3,Y
1995,18,10102,13599,FS,0,N
1996,26,15481,15419,FS,5,N
1997,10,10199,11981,FF,2,Y
1998,3,10817,10440,SS,2,N
1999,13,13853,12563,SS,3,Y
2000,24,10080,14937,FS,4,Y
2001,12,15605,12475,FS,3,N
2002,18,14903,13622,SS,5,N
2003,13,12504,12569,FS,4,N
2004,5,12121,10925,FS,2,Y
2005,20,14617,14130,SS,5,Y
2006,13,13663,12627,SS,1,N
2007,8,10201,11689,SS,4,N
2008,27,14599,15450,SS,4,N
2009,17,14617,13362,FF,2,Y
2010,12,13852,12389,FS,1,N
2011,27,14985,15473,SS,1,Y
2012,3,13928,10513,FS,2,Y
2013,20,12709,14100,FS,5,N
2014,13,14754,12559,SS,5,N
2015,6,12276,11135,SS,3,N
2016,23,14921,14684,FS,4,N
2017,6,15070,11109,FS,3,Y
2018,18,10049,13520,FF,3,Y
2019,20,15742,14082,FF,4,Y
2020,26,11032,15372,FF,3,N
2021,7,10253,11448,FF,0,N
2022,22,11197,14511,FS,3,N
2023,21,12002,14259,FF,3,N
2024,28,12552,15628,FF,4,N
2025,17,13221,13351,SS,3,N
2026,3,13027,10588,FF,0,N
2027,12,12692,12493,SS,5,Y
2028,4,10890,10769,FF,5,Y
2029,13,12795,12557,SS,1,N
2030,6,12208,11086,FF,1,Y
2031,27,12089,15553,SS,3,Y
2032,13,12276,12686,FF,2,N
2033,16,10010,13151,FF,3,Y
2034,10,10998,11920,FS,1,Y
2035,21,11853,14227,SS,0,N
2036,15,11938,13033,FF,2,N
2037,10,13324,11916,FF,1,Y
2038,4,11640,10796,FF,3,Y
2039,11,14210,12236,FS,3,Y
2040,15,14504,13045,SS,0,N
2041,13,14985,12558,SS,2,N
2042,7,10431,11339,SS,3,N
2043,11,13822,12262,SS,0,Y
2044,18,12119,13632,FF,4,Y
2045,3,14396,10638,FS,4,N
2046,20,10491,13976,FF,4,Y
2047,2,12373,10333,SS,5,N
2048,17,10950,13475,FF,0,Y
2049,16,13123,13304,FF,4,N
2050,7,13105,11326,FS,0,N
2051,24,11736,14886,SS,5,N
2052,22,12031,14404,FS,2,Y
2053,17,14797,13450,FS,4,N
2054,1,13613,10158,SS,2,Y
2055,3,11918,10439,SS,4,N
2056,15,13378,13018,FF,0,Y
2057,8,12039,11570,FF,2,Y
2058,28,14748,15671,SS,4,N
2059,6,13723,11238,FF,4,Y
2060,24,15126,14770,FS,0,Y
2061,27,12448,15508,SS,3,N
2062,28,13424,15589,FS,4,N
2063,18,10909,13638,SS,1,Y
2064,23,11515,14608,FF,0,N
2065,24,10858,14845,SS,3,N
2066,14,11381,12846,FS,2,N
2067,25,11126,15137,FS,4,Y
2068,13,14207,12704,FF,2,Y
2069,24,14590,14929,SS,2,Y
2070,8,13868,11540,SS,0,Y
2071,24,11820,14780,SS,2,Y
2072,18,13482,13509,FS,2,N
2073,3,11301,10462,FS,4,Y
2074,14,12708,12757,FS,3,Y
2075,4,11159,10814,FS,0,N
2076,17,14377,13360,SS,0,Y
2077,12,12521,12520,SS,2,N
2078,9,13458,11794,SS,2,Y
2079,5,15225,11055,SS,2,N
2080,16,15056,13165,FS,3,N
2081,19,10238,13923,FF,1,N
2082,9,14192,11807,SS,2,Y
2083,23,11078,14666,SS,2,Y
2084,18,12139,13656,FF,4,N
2085,6,12838,11181,SS,2,Y
2086,24,13637,14917,SS,3,N
2087,4,14654,10737,FS,3,N
2088,25,12904,15113,FF,3,Y
2089,16,10943,13170,SS,5,N
2090,15,13943,13099,FF,4,N
2091,13,11585,12532,FF,4,Y
2092,4,10062,10690,SS,0,Y
2093,21,15641,14236,SS,2,Y
2094,8,15638,11534,FF,4,N
2095,1,10570,10192,FF,1,N
2096,4,14225,10653,FF,5,N
2097,20,12681,14081,SS,1,Y
2098,22,11618,14390,FS,3,N
2099,10,11706,12088,SS,0,N
2100,7,12536,11459,FS,1,Y
2101,14,10452,12906,FS,2,N
2102,25,11361,15074,FF,3,Y
2103,5,14555,10896,FF,1,Y
2104,22,12725,14466,FS,3,Y
2105,9,11634,11733,SS,2,N
2106,24,11059,14967,SS,4,Y
2107,1,14715,10128,FS,2,N
2108,11,13061,12288,SS,1,Y
2109,4,12027,10820,SS,3,Y
2110,14,10788,12859,FF,2,Y
2111,26,12801,15215,SS,5,Y
2112,1,11036,10031,SS,2,N
2113,10,11339,12117,FS,5,N
2114,26,13550,15321,FS,3,N
2115,12,14714,12497,FS,5,Y
2116,26,12694,15343,FS,1,N
2117,15,13003,12970,SS,5,Y
2118,19,10033,13841,FS,3,N
2119,14,11222,12927,SS,1,Y
2120,23,12345,14633,FS,2,N
2121,5,10182,10928,FS,0,Y
2122,11,14293,12210,FS,2,Y
2123,27,13880,15533,FS,5,N
2124,3,13018,10451,FS,3,N
2125,6,11263,11120,FS,1,N
2126,26,10113,15336,FF,5,Y
2127,9,14951,11782,FF,0,N
2128,15,15585,13120,FF,1,N
2129,2,10812,10325,FF,2,Y
2130,19,10142,13757,FS,4,Y
2131,18,12374,13601,FS,3,N
2132,3,14984,10457,FF,5,N
2133,7,15718,11354,SS,0,Y
2134,17,10923,13413,FS,5,Y
2135,25,14951,15052,SS,4,N
2136,17,11922,13431,SS,3,N
2137,21,10735,14300,FS,4,N
2138,26,12064,15258,FS,4,N
2139,18,10284,13506,FS,3,Y
2140,9,14534,11882,FF,0,N
2141,9,13706,11737,FS,5,N
2142,3,12855,10410,FS,2,N
2143,25,13148,15078,FF,1,N
2144,27,11049,15485,FS,4,N
2145,1,13858,10137,SS,1,Y
2146,11,13781,12129,FS,2,N
2147,28,13893,15610,FS,0,Y
2148,25,14764,15075,FS,5,Y
2149,11,12577,12290,SS,3,N
2150,4,14183,10802,FF,4,Y
2151,25,13024,15175,FF,4,Y
2152,22,14095,14462,FF,0,Y
2153,3,15447,10533,FS,1,N
2154,16,11339,13187,FS,5,Y
2155,16,11860,13123,SS,5,N
2156,15,13953,12990,SS,4,Y
2157,21,11943,14293,FS,2,Y
2158,3,10830,10540,FS,3,N
2159,13,15169,12576,FF,4,N
2160,20,10936,14172,FF,2,N
2161,15,11533,12946,FS,3,Y
2162,19,12850,13917,FS,0,N
2163,20,14431,14115,SS,4,Y
2164,1,14604,10035,FF,3,N
2165,15,15321,12974,FS,0,N
2166,14,12074,12774,FS,1,Y
2167,4,12071,10744,SS,5,N
2168,14,10011,12901,FS,5,N
2169,5,10477,10904,FF,3,Y
2170,23,12395,14725,FS,5,N
2171,2,15120,10263,SS,1,Y
2172,10,15192,11917,SS,2,Y
2173,13,13548,12538,FF,2,Y
2174,27,15348,15530,SS,2,Y
2175,12,14221,12451,SS,1,Y
2176,25,12058,15108,FS,2,Y
2177,27,10401,15575,FF,4,Y
2178,11,14549,12170,FS,2,Y
2179,20,12778,14032,FS,2,Y
2180,9,11580,11860,FF,1,N
2181,20,15190,14134,FF,1,Y
2182,21,15637,14244,FF,5,Y
2183,26,15496,15418,FF,4,N
2184,21,14024,14191,SS,1,N
2185,5,12205,10998,FS,3,Y
2186,12,12505,12380,FS,1,Y
2187,8,13296,11663,SS,5,Y
2188,15,13252,12988,FF,2,Y
2189,23,13761,14615,FS,5,Y
2190,13,15083,12579,SS,0,N
2191,10,12437,12082,FF,0,Y
2192,26,11674,15358,SS,4,Y
2193,26,12496,15313,FF,3,Y
2194,1,13543,10199,FS,3,N
2195,22,10667,14464,FS,4,Y
2196,10,10274,12064,FS,4,Y
2197,20,14758,14041,FS,1,N
2198,27,13156,15584,FF,4,Y
2199,9,14968,11845,SS,4,Y
2200,3,10964,10548,FS,1,Y
2201,18,13818,13687,FS,2,Y
2202,15,12097,12999,SS,3,Y
2203,3,14386,10565,FF,3,N
2204,4,11652,10695,FS,1,N
2205,20,13167,13988,SS,0,N
2206,12,10463,12351,FF,4,Y
2207,22,10009,14424,FF,5,Y
2208,5,15174,11051,SS,1,Y
2209,12,15535,12375,FS,0,Y
2210,4,12207,10705,SS,3,Y
2211,7,11667,11333,FS,2,Y
2212,24,10606,14804,SS,5,Y
2213,25,11191,15135,FS,4,N
2214,6,13923,11117,FF,2,N
2215,7,14964,11400,FF,1,Y
2216,26,11027,15217,SS,2,Y
2217,7,10072,11439,SS,0,Y
2218,14,15337,12807,FS,5,Y
2219,2,14742,10241,FF,4,N
2220,6,15035,11159,SS,0,N
2221,21,13293,14368,FF,2,Y
2222,3,14500,10456,FS,5,Y
2223,15,12557,13004,SS,5,Y
2224,13,15716,12596,FF,0,Y
2225,21,14681,14365,SS,3,Y
2226,10,11904,11894,FF,5,N
2227,4,14885,10728,FS,5,Y
2228,16,11925,13320,SS,2,N
2229,20,14623,14026,SS,3,Y
2230,16,15614,13220,FS,2,N
2231,4,11054,10823,FS,4,Y
2232,25,11059,15053,FF,4,Y
2233,5,11334,11006,SS,0,Y
2234,1,14911,10197,FF,4,Y
2235,25,12374,15024,FF,4,Y
2236,28,15717,15686,FS,0,Y
2237,26,13369,15267,FS,4,Y
2238,19,10739,13936,FS,4,Y
2239,14,11907,12749,FF,5,Y
2240,15,14726,13056,SS,1,Y
2241,25,13432,14982,FF,2,N
2242,14,15456,12826,SS,1,N
2243,13,11915,12726,FF,0,Y
2244,7,14191,11365,SS,1,N
2245,1,12358,10024,SS,5,N
2246,3,11191,10637,FF,4,Y
2247,26,10563,15286,FF,5,Y
2248,3,13317,10431,SS,0,Y
2249,4,11067,10721,FF,3,N
2250,15,10283,13113,FS,0,Y
2251,8,13876,11679,FF,0,N
2252,28,13114,15670,SS,3,N
2253,7,12690,11306,FF,3,Y
2254,14,12771,12784,FS,4,Y
2255,6,15740,11211,FS,3,Y
2256,11,10679,12148,FF,2,N
2257,12,12115,12464,FF,2,N
2258,23,11755,14730,FS,5,Y
2259,3,15088,10620,FF,2,N
2260,26,11939,15384,FF,4,N
2261,14,13331,12828,SS,2,Y
2262,26,15175,15333,FF,4,N
2263,25,14991,15020,FS,0,Y
2264,21,10508,14234,SS,5,Y
2265,15,10860,12956,SS,3,Y
2266,22,13459,14516,FS,0,N
2267,24,13575,14777,FS,4,Y
2268,10,11043,11933,FF,5,Y
2269,14,13554,12845,SS,1,Y
2270,14,12575,12938,FS,2,Y
2271,15,11961,12972,FF,4,N
2272,24,14635,14910,FF,3,N
2273,25,10963,15035,SS,2,N
2274,24,10541,14960,SS,2,N
2275,26,13511,15263,FF,3,Y
2276,4,14445,10718,FS,0,N
2277,17,14965,13485,FS,1,N
2278,21,15538,14199,FF,2,N
2279,23,11430,14632,SS,5,N
2280,3,15740,10528,FF,5,N
2281,10,13718,12054,FF,0,N
2282,8,10961,11658,SS,3,Y
2283,10,14834,11948,FS,0,Y
2284,21,12647,14310,FF,0,N
2285,24,15145,14788,FS,2,Y
2286,24,10332,14847,FF,4,Y
2287,14,15016,12743,FF,0,Y
2288,3,13639,10525,SS,5,Y
2289,18,12462,13692,FF,3,Y
2290,5,12335,10911,FF,2,Y
2291,20,15114,14079,FS,3,N
2292,3,12542,10504,FF,2,N
2293,19,10086,13740,SS,2,N
2294,1,11032,10125,FF,1,Y
2295,7,14011,11471,FS,3,N
2296,22,11893,14426,FF,0,N
2297,6,11286,11285,SS,4,Y
2298,6,10125,11095,SS,2,N
2299,20,15500,14145,FF,4,N
2300,9,13414,11775,FF,3,N
2301,6,13815,11213,FS,1,N
2302,6,13760,11184,FS,3,Y
2303,2,13117,10225,FS,3,N
2304,14,12593,12764,FS,5,Y
2305,10,13195,11952,FF,4,Y
2306,5,10672,11041,FF,1,N
2307,19,15455,13816,SS,0,Y
2308,20,14873,14017,FF,5,Y
2309,7,13815,11372,FS,4,Y
2310,17,13392,13376,FS,1,N
2311,4,14502,10685,SS,4,N
2312,4,14507,10828,FF,3,N
2313,3,13599,10633,FF,5,Y
2314,6,14143,11242,FF,4,N
2315,8,10576,11672,SS,2,Y
2316,7,10400,11461,FS,3,N
2317,7,11911,11398,FF,5,N
2318,6,10891,11278,FS,1,N
2319,14,14007,12776,FS,2,Y
2320,4,11863,10746,SS,3,Y
2321,9,12144,11749,SS,1,N
2322,1,11576,10168,SS,2,Y
2323,23,13787,14715,FF,3,N
2324,1,12292,10142,FS,1,N
2325,4,10687,10805,FF,4,Y
2326,10,10883,12009,FS,5,Y
2327,20,13536,14028,FS,2,N
2328,22,10191,14416,FF,1,N
2329,11,13235,12249,SS,5,Y
2330,3,15652,10455,SS,0,N
2331,28,11898,15710,FS,1,N
2332,12,13482,12461,FF,2,Y
2333,18,14195,13504,FF,2,N
2334,14,10464,12881,FF,1,Y
2335,3,12038,10441,FF,1,N
2336,9,11483,11828,FF,2,Y
2337,14,11214,12812,FS,3,Y
2338,14,14275,12789,SS,0,N
2339,13,15530,12644,FS,4,N
2340,24,14266,14801,FS,0,N
2341,5,12126,10985,FS,1,N
2342,16,14493,13241,FF,5,N
2343,9,12916,11746,FF,5,Y
2344,20,15651,14077,SS,0,N
2345,15,14757,12985,FS,2,Y
2346,21,11318,14290,SS,4,Y
2347,9,13445,11843,FS,4,N
2348,13,11926,12626,FF,4,N
2349,27,15200,15446,SS,2,N
2350,21,12900,14208,FF,2,Y
2351,2,10026,10377,SS,5,N
2352,1,14305,10206,SS,4,N
2353,11,12484,12212,FF,2,Y
2354,11,12242,12195,SS,2,N
2355,7,15162,11377,FF,2,N
2356,15,15631,13002,FS,0,N
2357,21,13959,14356,SS,0,Y
2358,17,13196,13422,SS,3,N
2359,13,12962,12568,SS,3,N
2360,3,10836,10419,SS,0,Y
2361,2,15271,10284,FF,0,Y
2362,5,14730,10872,FS,5,N
2363,11,13615,12146,FF,4,N
2364,26,14938,15337,SS,3,N
2365,2,11621,10355,FS,3,Y
2366,22,10189,14398,FF,4,N
2367,27,12133,15451,SS,1,Y
2368,16,10215,13277,SS,5,N
2369,12,15223,12458,FF,2,Y
2370,18,10497,13558,FS,0,Y
2371,16,12796,13325,SS,4,Y
2372,19,14157,13901,FS,3,N
2373,8,12714,11597,FF,0,N
2374,23,13674,14672,FS,0,Y
2375,7,10534,11470,FF,4,N
2376,27,10359,15505,SS,1,Y
2377,8,15050,11602,FS,0,Y
2378,26,14976,15329,FS,5,Y
2379,3,13905,10459,FF,1,Y
2380,10,13841,12024,FF,0,N
2381,23,10833,14713,SS,5,N
2382,19,10984,13904,FF,1,Y
2383,18,13850,13550,FF,5,Y
2384,21,12456,14367,FF,3,Y
2385,20,13184,14155,FS,3,Y
2386,2,15210,10376,FF,3,Y
2387,5,14461,10884,FS,2,Y
2388,18,12439,13568,SS,5,N
2389,4,11789,10692,SS,3,Y
2390,14,12954,12843,FF,2,Y
2391,17,13529,13480,SS,5,N
2392,16,12076,13318,FF,2,N
2393,15,13717,13092,FF,4,N
2394,2,12853,10318,FF,2,Y
2395,16,10017,13228,FF,3,Y
2396,21,11547,14286,SS,3,Y
2397,10,10946,11903,FF,5,N
2398,23,14283,14661,FS,5,N
2399,3,13773,10509,FS,3,Y
2400,28,11828,15608,FS,5,N
2401,24,12775,14926,FF,4,N
2402,21,10632,14225,SS,2,N
2403,25,10645,15036,SS,5,Y
2404,12,11581,12470,FS,1,N
2405,23,11001,14580,FF,3,Y
2406,26,10612,15417,FS,4,N
2407,4,10664,10755,SS,3,Y
2408,25,13710,14988,FS,0,N
2409,8,11643,11551,FS,3,N
2410,28,13753,15596,SS,3,N
2411,1,12141,10126,FS,4,Y
2412,27,15730,15544,FF,4,N
2413,11,11617,12175,SS,3,Y
2414,14,12124,12806,FS,3,Y
2415,8,15557,11600,SS,3,N
2416,8,13397,11503,FF,3,Y
2417,14,13433,12773,SS,0,N
2418,15,14810,13049,FF,0,Y
2419,10,10849,12015,SS,5,N
2420,15,12890,12962,FF,3,N
2421,12,10290,12435,FS,0,Y
2422,7,11298,11417,FS,1,Y
2423,27,15387,15581,FF,2,Y
2424,18,10450,13731,FF,0,N
2425,14,10951,12752,SS,1,N
2426,11,10170,12293,SS,2,N
2427,6,10185,11169,SS,0,N
2428,7,15372,11416,FS,1,N
2429,16,14784,13167,FS,5,Y
2430,26,10555,15214,SS,0,N
2431,2,13698,10301,FS,3,Y
2432,26,14335,15366,FS,3,N
2433,21,15165,14299,FS,2,Y
2434,27,11065,15441,FF,2,N
2435,26,14679,15420,SS,2,N
2436,18,10871,13512,FS,4,Y
2437,17,15692,13339,SS,1,N
2438,4,14256,10863,FS,1,Y
2439,21,14735,14196,FF,5,Y
2440,6,10121,11141,SS,1,Y
2441,27,15467,15461,FF,1,Y
2442,5,15710,10936,SS,5,Y
2443,12,13460,12359,FS,4,N
2444,14,13303,12745,FF,2,Y
2445,21,14828,14307,FS,3,N
2446,1,15637,10042,SS,1,Y
2447,10,10543,11934,SS,3,N
2448,15,13108,12991,FF,4,N
2449,14,11209,12882,FF,2,N
2450,12,15372,12379,SS,5,Y
2451,13,13849,12544,FS,1,Y
2452,18,10899,13508,FS,3,N
2453,5,15491,10929,FF,5,N
2454,10,13409,11914,FF,5,N
2455,2,10590,10282,SS,0,N
2456,23,11802,14669,SS,3,Y
2457,9,12332,11850,FS,5,Y
2458,25,13919,15040,SS,0,N
2459,8,11045,11579,FF,2,Y
2460,2,15006,10340,FS,0,Y
2461,5,12832,10898,SS,5,Y
2462,17,15739,13416,FS,4,Y
2463,1,13399,10179,SS,0,Y
2464,21,13158,14358,FS,3,Y
2465,13,14882,12666,FS,4,Y
2466,5,12329,11068,SS,0,N
2467,4,11394,10803,SS,2,Y
2468,10,10992,11919,SS,3,Y
2469,16,13717,13223,FF,2,Y
2470,14,10574,12910,SS,5,N
2471,1,11773,10207,SS,2,N
2472,3,11547,10452,FF,5,N
2473,14,10735,12817,SS,4,N
2474,1,15343,10070,FS,4,Y
2475,18,11469,13542,FS,2,Y
2476,24,15359,14795,SS,4,N
2477,15,15503,13066,SS,5,N
2478,14,10521,12767,FF,4,N
2479,14,11026,12792,FS,0,Y
2480,22,13075,14529,FF,3,N
2481,11,12546,12167,FF,3,N
2482,28,14885,15708,FF,4,N
2483,4,15243,10859,FF,3,Y
2484,16,14541,13211,FF,1,Y
2485,13,11531,12600,FF,0,N
2486,22,12182,14473,SS,1,N
2487,2,10573,10297,FS,3,Y
2488,21,14169,14251,SS,5,Y
2489,19,15372,13818,FF,5,Y
2490,7,11448,11359,FF,0,Y
2491,22,11447,14455,FS,0,Y
2492,11,10960,12169,FF,4,Y
2493,5,15058,11001,FF,3,N
2494,12,11306,12503,FF,0,N
2495,19,15648,13857,FS,4,N
2496,15,10071,13085,FF,0,Y
2497,27,10557,15536,FF,3,Y
2498,22,12897,14503,FS,3,Y
2499,14,15356,12758,SS,5,Y
2500,10,12144,12091,SS,4,N
2501,8,15643,11605,FS,1,N
2502,14,13989,12867,FS,3,N
2503,6,13401,11256,FF,0,Y
2504,11,13480,12155,SS,5,N
2505,18,14743,13533,SS,0,Y
2506,20,14009,14061,FS,1,Y
2507,11,14933,12321,SS,2,Y
2508,20,14438,13977,FF,0,N
2509,16,12931,13315,FS,1,Y
2510,16,12041,13127,SS,1,N
2511,18,15525,13544,FF,1,Y
2512,13,12670,12636,FS,0,N
2513,9,14020,11813,FS,0,Y
2514,17,15575,13342,FS,0,N
2515,26,13857,15302,FF,5,Y
2516,17,11375,13449,FF,3,Y
2517,25,10142,15009,SS,5,N
2518,16,15597,13132,SS,4,Y
2519,24,10771,14900,FS,4,N
2520,4,10007,10837,FF,3,Y
2521,9,14474,11771,FF,2,N
2522,7,15208,11380,FS,0,N
2523,3,10660,10546,FF,5,N
2524,3,14064,10516,FS,0,Y
2525,12,12425,12410,FF,5,N
2526,20,12937,14054,FS,3,Y
2527,15,11055,13059,FS,3,N
2528,15,15222,12986,SS,2,N
2529,6,12694,11286,FF,5,Y
2530,26,13262,15218,FF,5,Y
2531,10,14743,11980,FS,4,N
2532,25,15057,15059,FF,1,N
2533,19,12888,13840,FF,1,Y
2534,2,12014,10269,FS,4,Y
2535,14,15495,12918,SS,4,N
2536,1,10661,10018,FS,1,Y
2537,6,11847,11152,SS,1,Y
2538,4,14837,10779,SS,4,Y
2539,17,10284,13352,FF,1,Y
2540,21,10910,14240,FF,4,Y
2541,2,14187,10253,FF,5,Y
2542,4,14132,10644,FS,2,Y
2543,8,13763,11505,FS,4,Y
2544,15,14593,13010,FS,3,N
2545,27,13143,15540,SS,5,Y
2546,19,10278,13863,SS,4,N
2547,11,12698,12271,FF,1,Y
2548,25,10641,15066,FS,1,N
2549,11,13417,12161,FF,3,N
2550,25,13538,15012,SS,5,Y
2551,25,15482,15133,FS,4,Y
2552,8,13929,11512,FF,1,Y
2553,12,11758,12342,FF,5,N
2554,19,13157,13847,FF,4,Y
2555,15,11933,13051,SS,5,N
2556,14,12053,12893,FF,1,Y
2557,22,12740,14559,SS,3,N
2558,5,15237,10903,FS,5,Y
2559,26,10499,15219,FF,1,Y
2560,18,11960,13709,FF,0,Y
2561,7,13202,11390,FS,2,Y
2562,20,11320,13984,FF,0,Y
2563,4,14838,10848,FF,4,Y
2564,25,14868,14981,FS,2,N
2565,25,14960,15145,SS,0,Y
2566,27,10753,15567,SS,2,Y
2567,8,10326,11606,FF,2,N
2568,16,11805,13256,SS,0,Y
2569,21,13475,14357,FF,0,N
2570,14,14447,12751,SS,2,N
2571,3,15090,10443,FS,2,N
2572,24,13595,14850,SS,0,Y
2573,21,11399,14275,SS,1,Y
2574,20,12490,14018,FS,3,Y
2575,27,10118,15487,FF,3,Y
2576,5,14552,10908,FF,2,Y
2577,24,13346,14956,SS,4,Y
2578,2,12057,10235,FF,5,N
2579,24,12340,14830,SS,1,N
2580,11,10061,12229,FF,3,N
2581,23,12232,14709,FS,4,Y
2582,11,11834,12327,FS,2,Y
2583,26,12990,15290,FS,0,Y
2584,12,11019,12474,FF,5,N
2585,16,14361,13289,FF,4,Y
2586,26,11501,15330,FF,5,Y
2587,17,15636,13490,FS,1,Y
2588,13,12457,12608,FF,3,Y
2589,26,13320,15276,FS,2,N
2590,22,13800,14525,FF,5,Y
2591,10,15530,12062,FS,5,N
2592,17,14008,13426,FS,2,Y
2593,1,12681,10058,SS,2,N
2594,11,14834,12193,SS,1,N
2595,7,11230,11473,FF,0,N
2596,22,15170,14443,SS,1,Y
2597,28,12676,15702,FS,1,N
2598,27,13350,15534,SS,4,Y
2599,24,11655,14877,SS,1,N
2600,7,11689,11475,FF,2,Y
2601,8,12293,11569,SS,2,N
2602,25,15372,14978,FS,2,N
2603,8,14296,11590,FF,2,N
2604,5,15029,11009,SS,5,Y
2605,22,13465,14377,SS,1,Y
2606,8,10100,11580,FS,1,Y
2607,7,10105,11305,SS,5,N
2608,18,12806,13624,FS,1,N
2609,25,12257,15064,SS,4,Y
2610,2,10803,10347,SS,4,Y
2611,3,12833,10503,FS,3,N
2612,6,10808,11233,FS,3,Y
2613,8,10836,11644,FF,5,N
2614,4,11133,10834,FS,0,N
2615,16,13992,13308,SS,2,Y
2616,11,13945,12141,FF,5,Y
2617,16,11803,13287,FS,1,Y
2618,7,11549,11363,FS,5,Y
2619,6,12615,11165,FF,4,N
2620,9,12870,11765,FF,1,N
2621,18,10652,13583,FS,3,Y
2622,7,13822,11426,SS,0,N
2623,3,14749,10543,FF,3,Y
2624,8,15169,11492,SS,2,N
2625,14,15531,12886,FF,5,N
2626,8,14506,11667,SS,1,N
2627,10,10344,11946,FF,1,N
2628,17,15716,13384,SS,2,Y
2629,3,12516,10566,FF,5,Y
2630,2,15232,10264,FF,3,Y
2631,17,13512,13338,SS,2,Y
2632,7,13913,11325,FS,2,N
2633,2,10696,10382,FF,3,Y
2634,22,14629,14489,SS,0,Y
2635,3,13654,10614,FS,2,N
2636,24,10357,14813,FF,1,Y
2637,19,13029,13744,SS,3,N
2638,20,11699,14010,FF,1,Y
2639,6,14629,11103,FS,4,N
2640,10,15517,11979,FF,3,Y
2641,6,11518,11113,SS,5,Y
2642,19,10774,13774,FS,0,Y
2643,23,11495,14595,SS,2,Y
2644,16,11109,13231,SS,5,Y
2645,8,14851,11694,SS,1,Y
2646,8,13006,11618,FS,0,Y
2647,28,13825,15594,FF,2,N
2648,18,15488,13524,FS,4,N
2649,1,11083,10033,SS,2,Y
2650,14,10286,12837,FS,0,N
2651,1,12221,10115,FS,1,Y
2652,19,11029,13875,FF,3,Y
2653,19,11721,13861,SS,0,N
2654,11,12886,12289,FS,5,Y
2655,4,10737,10821,SS,0,Y
2656,11,12147,12250,FF,0,N
2657,22,11150,14574,FF,4,N
2658,3,12299,10587,FS,3,N
2659,7,14704,11348,FS,1,Y
2660,6,14917,11099,FF,1,Y
2661,7,14727,11364,SS,1,N
2662,2,12794,10394,FF,2,N
2663,20,11557,14053,FF,0,Y
2664,20,14063,14096,FF,3,Y
2665,25,13290,15126,SS,4,Y
2666,13,10508,12698,FF,2,N
2667,19,14999,13848,FS,1,Y
2668,9,13650,11852,FS,5,Y
2669,8,12489,11523,FF,2,Y
2670,11,10912,12329,SS,5,Y
2671,2,11244,10218,FS,5,N
2672,20,10436,14165,SS,5,N
2673,22,14555,14531,FF,3,Y
2674,5,10035,10984,FF,1,N
2675,1,11274,10190,FS,5,Y
2676,22,12014,14518,FS,3,N
2677,25,12511,15095,FF,2,N
2678,8,12481,11622,FF,1,Y
2679,3,10197,10554,SS,0,Y
2680,24,14337,14920,SS,3,N
2681,18,11834,13605,SS,1,N
2682,24,11749,14825,SS,4,N
2683,7,13071,11381,FS,0,N
2684,15,12625,13029,FF,4,N
2685,6,15662,11254,FF,5,Y
2686,28,11794,15677,FF,4,N
2687,14,13441,12851,SS,3,N
2688,18,15235,13708,FS,0,N
2689,20,12611,14123,SS,5,Y
2690,14,15013,12932,SS,2,Y
2691,19,12195,13889,SS,2,Y
2692,3,14311,10405,FF,4,N
2693,9,11990,11784,FS,5,N
2694,4,13963,10667,FF,3,N
2695,15,14272,13077,FS,3,Y
2696,13,10618,12680,SS,5,N
2697,7,15049,11414,FF,3,Y
2698,16,13622,13225,FS,3,N
2699,3,15470,10529,SS,5,N
2700,7,12213,11387,FS,5,N
2701,22,13671,14523,FF,4,N
2702,20,14234,14002,SS,5,Y
2703,10,11523,12061,FS,3,N
2704,3,10244,10486,SS,2,N
2705,27,11140,15559,SS,3,Y
2706,14,10541,12777,FS,2,N
2707,21,14998,14326,FF,5,Y
2708,23,13670,14622,FS,2,N
2709,14,13144,12884,FS,3,Y
2710,18,13016,13529,FS,2,N
2711,14,14516,12760,FS,2,Y
2712,24,11373,14821,FF,1,Y
2713,13,15140,12688,FF,5,Y
2714,25,10222,15071,SS,2,Y
2715,26,14742,15406,FS,2,Y
2716,8,11289,11598,SS,4,Y
2717,3,14549,10599,SS,2,N
2718,1,15651,10159,FS,3,N
2719,15,14787,12992,FS,2,Y
2720,19,12091,13819,FS,1,N
2721,26,11816,15422,SS,3,Y
2722,27,11553,15550,FF,5,N
2723,16,10314,13140,FF,4,N
2724,19,15134,13814,SS,5,Y
2725,16,14981,13311,SS,4,N
2726,18,11254,13621,FF,0,Y
2727,6,13591,11124,FF,0,N
2728,25,14110,15148,SS,0,Y
2729,2,14307,10227,SS,3,Y
2730,20,13639,14122,SS,0,N
2731,5,11692,11029,FS,3,Y
2732,16,12041,13172,FS,3,Y
2733,3,10315,10556,FF,0,N
2734,17,14973,13370,SS,4,Y
2735,26,14699,15280,FF,3,Y
2736,12,12559,12346,FF,1,Y
2737,15,11263,12997,SS,2,Y
2738,18,15493,13623,SS,3,Y
2739,26,13421,15311,FF,5,Y
2740,4,13532,10708,FF,2,Y
2741,24,15236,14834,SS,2,N
2742,22,15071,14458,SS,0,Y
2743,24,11835,14927,FF,2,N
2744,15,14065,12977,FF,2,N
2745,6,11004,11172,FS,0,N
2746,7,13930,11456,SS,0,N
2747,23,11799,14627,SS,1,Y
2748,27,15099,15463,FS,2,Y
2749,13,11686,12677,FF,4,N
2750,20,14844,13981,FF,0,Y
2751,2,15401,10327,FF,3,Y
2752,22,11772,14570,FF,5,N
2753,3,13038,10477,FF,2,Y
2754,20,10926,14067,SS,2,Y
2755,23,10225,14647,SS,3,N
2756,17,15547,13358,SS,1,N
2757,12,13270,12513,FS,0,N
2758,17,11698,13373,FF,3,Y
2759,1,10972,10104,FF,1,N
2760,19,11537,13915,FS,2,Y
2761,7,15464,11420,FF,1,Y
2762,19,11304,13869,FS,5,N
2763,14,12110,12923,FF,1,N
2764,22,14327,14509,FS,3,N
2765,3,13211,10524,FS,0,Y
2766,5,14439,10993,FS,0,N
2767,25,13250,15098,SS,1,N
2768,9,10316,11831,FS,4,N
2769,19,14383,13951,FS,5,Y
2770,13,14464,12607,SS,1,N
2771,4,13557,10731,FS,3,N
2772,1,11369,10067,SS,3,Y
2773,14,11984,12931,FF,2,Y
2774,14,10162,12895,FF,0,Y
2775,19,10641,13934,SS,0,N
2776,28,12681,15634,FS,1,Y
2777,10,10773,11940,FS,1,Y
2778,13,14490,12667,FS,4,Y
2779,7,13376,11397,FF,2,N
2780,4,15570,10752,FF,4,Y
2781,5,12150,10886,FF,1,N
2782,3,11430,10489,FF,2,N
2783,16,12554,13209,SS,4,Y
2784,5,12747,11017,FF,3,Y
2785,10,15684,12107,FF,5,N
2786,21,14576,14222,SS,0,N
2787,13,10802,12725,SS,3,Y
2788,26,15545,15416,FS,3,Y
2789,16,12216,13254,FF,0,Y
2790,11,11361,12320,FF,3,Y
2791,10,13110,12004,FF,2,Y
2792,28,13861,15593,SS,3,N
2793,15,11341,12982,FF,4,Y
2794,4,14940,10703,FS,5,Y
2795,3,15428,10618,SS,4,Y
2796,9,14615,11725,SS,2,Y
2797,1,10439,10011,FS,2,Y
2798,18,14825,13574,SS,2,N
2799,11,13499,12201,SS,5,Y
2800,10,11285,12098,SS,2,N
2801,5,12994,10979,SS,4,Y
2802,11,10794,12273,FF,0,Y
2803,26,14896,15245,FF,1,N
2804,4,12781,10775,FS,4,Y
2805,4,13999,10760,SS,5,Y
2806,8,10792,11612,FF,0,Y
2807,23,11431,14644,FS,3,N
2808,11,15061,12221,FS,4,Y
2809,18,12201,13640,SS,4,Y
2810,10,12908,12076,SS,0,Y
2811,1,14456,10111,FF,5,N
2812,24,13535,14846,SS,0,Y
2813,24,14188,14895,FS,0,Y
2814,26,11453,15348,FS,0,N
2815,3,15374,10491,FS,2,N
2816,6,11829,11191,FF,1,Y
2817,6,11190,11090,FF,3,N
2818,24,15550,14876,SS,0,N
2819,7,15151,11480,SS,0,Y
2820,28,10526,15666,SS,3,N
2821,24,11653,14923,SS,4,N
2822,10,10571,11907,SS,3,Y
2823,25,13171,15051,FS,5,Y
2824,6,11139,11299,FS,0,Y
2825,10,11632,12073,SS,4,Y
2826,14,13716,12744,SS,2,N
2827,21,12627,14348,FF,3,Y
2828,1,12770,10072,FS,1,Y
2829,13,10045,12609,FS,4,Y
2830,21,15306,14248,FF,1,Y
2831,28,10223,15662,FF,4,N
2832,9,11522,11853,FS,0,N
2833,13,13424,12728,FS,5,Y
2834,10,14513,11943,FS,4,N
2835,6,11483,11255,FS,0,Y
2836,15,12460,13100,FF,3,N
2837,1,14575,10185,SS,1,N
2838,4,10797,10825,FS,2,Y
2839,2,10894,10387,SS,3,Y
2840,8,11337,11720,FF,1,N
2841,2,14496,10348,FF,1,N
2842,22,10050,14456,SS,3,Y
2843,27,12082,15472,FS,4,Y
2844,19,13544,13802,SS,5,Y
2845,19,14162,13775,SS,3,N
2846,3,13486,10469,SS,3,Y
2847,7,11264,11419,SS,4,Y
2848,21,10972,14279,FS,5,N
2849,3,13799,10537,SS,4,Y
2850,14,11680,12874,SS,3,N
2851,2,10039,10342,FF,4,N
2852,28,13870,15682,SS,4,N
2853,20,15329,14008,FF,3,Y
2854,6,15372,11118,FF,1,N
2855,10,10193,11996,FS,5,Y
2856,21,13752,14334,FS,5,Y
2857,8,15468,11620,SS,1,N
2858,25,10373,14991,SS,1,N
2859,23,14058,14582,FS,3,N
2860,12,11369,12491,FS,0,Y
2861,19,12617,13922,FS,3,Y
2862,26,11822,15259,SS,1,Y
2863,26,15738,15241,FS,1,N
2864,10,10967,11928,FS,2,Y
2865,21,13473,14228,FF,1,N
2866,4,14639,10720,FF,5,N
2867,25,10499,15191,SS,1,N
2868,6,12633,11084,FF,1,Y
2869,25,13347,15154,SS,0,N
2870,14,14357,12766,FF,1,Y
2871,17,11168,13400,FS,2,Y
2872,20,13554,13996,SS,1,N
2873,4,13129,10750,FS,0,N
2874,20,14427,14052,SS,3,Y
2875,15,15221,12947,SS,5,Y
2876,24,11845,14828,FS,2,N
2877,18,11823,13518,FF,3,Y
2878,8,14624,11559,FF,2,Y
2879,6,13806,11082,SS,3,N
2880,5,12904,10921,FS,0,N
2881,26,11293,15269,FF,2,N
2882,9,13966,11854,FF,4,Y
2883,22,10362,14573,SS,1,N
2884,27,14991,15464,FF,4,Y
2885,14,13529,12783,FF,5,Y
2886,4,13413,10849,FS,4,Y
2887,8,14184,11604,SS,2,N
2888,22,13133,14576,FS,3,N
2889,24,11392,14857,FF,1,N
2890,14,11611,12902,SS,0,Y
2891,19,14903,13903,FF,1,N
2892,25,12491,15048,FS,0,N
2893,18,12988,13726,SS,1,Y
2894,25,11857,15147,FS,1,N
2895,27,14117,15551,FS,5,N
2896,25,10673,15173,SS,4,Y
2897,13,15217,12660,FS,1,N
2898,6,11729,11295,FS,5,Y
2899,11,12462,12190,FS,2,N
2900,8,15680,11532,FS,4,Y
2901,16,10596,13259,FS,1,Y
2902,27,13175,15555,SS,2,N
2903,7,11190,11388,FF,2,Y
2904,18,12810,13515,FF,4,Y
2905,13,14314,12722,FF,5,N
2906,12,14707,12348,SS,0,N
2907,6,12914,11252,FF,5,N
2908,9,12467,11893,SS,5,Y
2909,3,15075,10569,FF,5,Y
2910,20,13235,14109,FF,5,N
2911,3,12645,10437,SS,4,Y
2912,8,13604,11560,SS,1,Y
2913,19,11187,13943,FS,3,N
2914,4,12273,10656,SS,4,Y
2915,18,13916,13562,FF,5,N
2916,4,11714,10781,FF,5,Y
2917,16,11932,13177,FF,0,N
2918,18,10260,13655,FF,2,N
2919,10,11425,12043,FS,3,Y
2920,13,10930,12533,FS,4,Y
2921,6,14705,11198,FF,5,N
2922,16,14533,13296,FS,0,Y
2923,20,13283,14143,FS,2,Y
2924,16,14979,13146,FS,0,N
2925,10,14405,11988,FF,3,Y
2926,4,12531,10846,SS,3,N
2927,3,10837,10603,FS,4,Y
2928,14,13574,12878,SS,4,N
2929,3,11904,10612,FF,3,Y
2930,28,13657,15651,FS,4,Y
2931,16,12002,13202,SS,3,N
2932,1,13295,10109,FS,2,N
2933,24,11816,14892,FS,5,N
2934,12,10110,12472,FS,4,Y
2935,19,11885,13788,SS,3,Y
2936,24,13773,14867,SS,2,N
2937,7,15403,11303,SS,4,N
2938,4,13433,10829,FF,5,N
2939,1,11995,10152,SS,3,Y
2940,22,10045,14421,FS,4,Y
2941,19,14119,13964,SS,2,Y
2942,16,13283,13334,FS,2,N
2943,25,12011,14996,FF,3,Y
2944,10,10313,12085,SS,2,Y
2945,10,12927,12074,FS,4,Y
2946,4,13648,10783,SS,2,Y
2947,2,15062,10398,SS,5,Y
2948,1,14912,10167,SS,1,N
2949,22,13657,14448,FF,3,N
2950,6,11803,11226,FS,4,Y
2951,9,12797,11797,SS,5,Y
2952,19,15381,13891,FS,5,Y
2953,8,14693,11643,FF,0,Y
2954,26,13013,15246,SS,1,N
2955,1,10562,10143,FF,3,N
2956,6,13760,11241,FS,2,Y
2957,10,14740,11987,FF,0,N
2958,18,10643,13594,FF,3,N
2959,12,12915,12453,FF,0,N
2960,22,12358,14512,FF,1,Y
2961,17,10818,13355,FS,2,Y
2962,12,12070,12462,FF,4,Y
2963,16,12911,13278,SS,2,Y
2964,11,10053,12224,FS,2,N
2965,2,14161,10238,SS,0,N
2966,5,15603,10990,SS,0,N
2967,24,10388,14810,SS,4,N
2968,9,13790,11759,FS,0,Y
2969,17,11292,13488,FF,4,Y
2970,5,13924,11022,FS,0,N
2971,23,13627,14734,FF,2,Y
2972,4,15136,10867,SS,2,Y
2973,25,15536,15096,FS,5,N
2974,15,12547,13003,FS,3,Y
2975,26,10841,15335,FF,4,N
2976,20,13247,14116,SS,5,N
2977,8,15143,11698,SS,4,Y
2978,28,13582,15633,FF,1,N
2979,11,12543,12218,FF,4,Y
2980,15,13144,13053,FS,4,Y
2981,19,11789,13911,FS,3,Y
2982,20,14435,14118,FS,5,N
2983,24,13395,14802,SS,3,Y
2984,8,13392,11583,FS,2,N
2985,4,14795,10804,FS,5,Y
2986,26,12744,15282,FF,4,Y
2987,6,10558,11227,SS,3,Y
2988,6,14865,11204,FS,0,N
2989,20,11870,14087,SS,2,N
2990,14,11008,12888,FF,2,N
2991,14,14180,12904,FF,0,N
2992,20,14436,14086,SS,4,N
2993,17,11862,13491,FF,3,N
2994,18,12645,13682,FF,4,N
2995,12,10153,12393,SS,0,N
2996,26,13554,15392,SS,3,N
2997,2,11853,10402,FF,0,Y
2998,18,11065,13563,SS,0,N
2999,7,12920,11347,FS,2,Y
3000,12,12034,12392,FF,5,N
3001,6,11685,11268,FF,2,N
3002,4,12793,10806,FF,3,Y
3003,7,10483,11444,FF,0,N
3004,5,10710,10960,FS,4,Y
3005,24,10009,14961,SS,3,Y
3006,1,10408,10186,SS,0,Y
3007,22,10346,14471,FF,2,Y
3008,10,13996,12086,FS,1,N
3009,1,12716,10097,FF,1,Y
3010,18,14449,13560,FS,1,Y
3011,27,12776,15431,FF,0,Y
3012,10,10183,12120,SS,0,Y
3013,14,11128,12790,FF,2,Y
3014,14,11783,12928,SS,5,N
3015,6,10562,11251,SS,2,N
3016,16,14662,13239,SS,2,N
3017,4,10059,10670,FS,0,Y
3018,9,10300,11753,FS,2,N
3019,19,14213,13764,FS,3,N
3020,20,12233,14125,FF,4,Y
3021,23,13327,14691,SS,4,N
3022,8,10467,11660,SS,2,Y
3023,7,11117,11477,FS,4,N
3024,18,10774,13718,FS,4,N
3025,23,11361,14680,FS,5,N
3026,28,12932,15601,FS,0,N
3027,7,10413,11378,FS,1,N
3028,26,13283,15368,FF,3,N
3029,27,12254,15514,SS,3,Y
3030,25,14975,15114,FS,2,N
3031,6,10673,11222,FS,1,Y
3032,16,13169,13329,FF,2,N
3033,11,14570,12127,SS,0,N
3034,28,13520,15695,FS,3,N
3035,28,12032,15744,FS,4,Y
3036,12,12703,12423,FF,0,N
3037,18,12259,13679,SS,0,N
3038,26,14734,15310,FF,5,Y
3039,24,15311,14884,SS,0,N
3040,5,14314,10944,FF,2,N
3041,26,10882,15296,FF,3,N
3042,16,14777,13322,SS,1,N
3043,2,10041,10242,FS,1,N
3044,9,14671,11790,SS,4,N
3045,10,11911,11927,SS,3,Y
3046,13,10856,12604,FF,5,N
3047,3,10885,10527,SS,4,N
3048,27,15217,15582,FS,3,N
3049,26,12610,15413,FF,1,N
3050,16,12587,13294,FF,2,N
3051,17,15108,13379,FS,0,Y
3052,15,12883,12961,FF,2,Y
3053,11,14634,12253,FF,0,Y
3054,23,10879,14683,FF,0,N
3055,24,15622,14891,SS,0,Y
3056,11,15555,12137,FS,1,Y
3057,20,10218,14179,FS,0,N
3058,3,13509,10430,FS,1,Y
3059,28,11044,15635,FF,3,Y
3060,10,11942,12067,FF,2,Y
3061,11,15350,12326,SS,4,Y
3062,10,11095,11929,SS,5,Y
3063,15,13768,13030,SS,1,Y
3064,14,13405,12808,FF,4,Y
3065,24,14257,14760,FF,4,Y
3066,7,11564,11479,SS,5,Y
3067,2,12657,10339,FS,1,Y
3068,10,13652,12075,FS,4,N
3069,10,10754,12012,FF,0,N
3070,13,12655,12675,SS,3,Y
3071,2,15360,10254,FF,2,N
3072,2,14984,10321,FF,0,Y
3073,10,11039,12049,FS,3,Y
3074,17,10774,13445,SS,4,N
3075,5,13399,10947,FF,5,N
3076,22,11554,14535,FF,2,Y
3077,12,11920,12456,FF,0,N
3078,6,13973,11085,SS,3,Y
3079,6,11293,11192,FS,0,Y
3080,3,15397,10621,FF,3,N
3081,10,12104,12099,SS,4,Y
3082,4,11928,10751,FF,3,Y
3083,15,13404,12994,FS,3,Y
3084,19,12027,13916,FF,1,N
3085,14,11184,12804,FF,1,N
3086,9,10546,11798,FF,1,N
3087,9,11480,11865,FS,0,Y
3088,16,12761,13178,FS,0,Y
3089,10,12498,11959,FS,2,Y
3090,19,13635,13829,FS,3,N
3091,16,14784,13310,FF,0,Y
3092,9,13034,11778,SS,0,Y
3093,3,10793,10578,SS,4,Y
3094,8,15170,11668,FF,5,Y
3095,7,12268,11396,FF,1,Y
3096,20,12634,14056,FF,4,N
3097,11,14318,12184,FS,1,N
3098,14,14896,12755,SS,2,N
3099,9,11835,11806,FF,5,N
3100,14,15186,12855,FS,1,Y
3101,25,13307,14980,FF,3,N
3102,2,10606,10271,FF,1,Y
3103,1,15447,10171,FS,5,N
3104,10,11258,12042,FS,1,N
3105,19,15727,13957,FS,4,Y
3106,6,14975,11234,FF,2,N
3107,9,11190,11816,SS,2,Y
3108,28,13192,15590,FS,5,Y
3109,26,11517,15415,FS,5,Y
3110,17,13190,13356,FF,0,Y
3111,13,12061,12723,SS,2,Y
3112,24,12470,14952,FF,5,Y
3113,22,10901,14517,FS,2,Y
3114,21,11629,14346,FS,2,N
3115,8,15355,11497,SS,0,Y
3116,18,12501,13642,SS,3,N
3117,6,10484,11276,FS,4,Y
3118,7,10058,11310,SS,4,N
3119,9,10369,11787,FS,1,Y
3120,18,14677,13616,FF,5,Y
3121,19,10805,13846,SS,4,Y
3122,15,10764,12950,SS,3,Y
3123,27,14323,15571,FS,3,N
3124,9,11958,11891,FS,3,Y
3125,4,13687,10678,FF,1,Y
3126,21,14315,14298,SS,0,Y
3127,11,14837,12171,FF,3,Y
3128,11,14333,12302,FS,0,Y
3129,18,15013,13590,FS,5,N
3130,23,10701,14703,FF,4,N
3131,13,11924,12734,SS,3,N
3132,20,14195,14004,FF,0,Y
3133,17,10321,13382,FF,4,Y
3134,2,12231,10296,FS,2,Y
3135,6,11875,11071,SS,3,Y
3136,1,13259,10054,FS,1,Y
3137,26,12549,15341,FF,0,Y
3138,16,13094,13179,SS,0,N
3139,25,11391,15151,FS,2,Y
3140,19,15341,13873,SS,5,Y
3141,18,12674,13523,FF,2,Y
3142,10,13454,12007,FF,1,N
3143,2,10606,10302,FF,5,N
3144,2,10855,10366,FS,3,Y
3145,16,10986,13316,FS,3,N
3146,1,13234,10103,FS,5,N
3147,25,14845,15128,FS,2,Y
3148,14,12507,12793,FS,3,Y
3149,16,15386,13182,FS,5,Y
3150,14,11949,12796,FF,2,N
3151,20,14942,14001,SS,4,N
3152,13,14424,12732,SS,4,Y
3153,18,10752,13535,FS,2,N
3154,17,10038,13336,FF,2,N
3155,15,13796,13006,SS,1,Y
3156,19,13273,13839,FF,0,Y
3157,7,12519,11488,SS,0,N
3158,19,14159,13849,SS,0,Y
3159,2,10702,10375,FS,3,Y
